Lap_Number,Tire_Type,Track_Temp,Track_Type,Lap_Time
35,2,21.88,3,95.214
5,0,33.39,4,89.736
19,2,41.36,3,92.602
44,2,20.12,2,96.604
27,0,43.42,0,100.882
7,0,22.66,0,89.76
28,2,41.05,0,93.724
9,1,32.07,3,90.517
28,2,36.48,3,93.751
6,2,32.77,0,91.64
29,2,31.93,1,91.923
17,2,40.87,1,91.641
16,0,38.9,2,91.187
23,2,32.09,4,92.143
31,1,22.79,2,95.657
3,0,22.89,0,89.759
21,1,40.04,0,91.984
26,1,33.23,0,94.261
36,1,32.04,4,100.514
37,1,37.01,3,103.372
21,0,41.47,4,95.197
22,0,35.72,2,95.367
12,1,39.07,3,90.81
13,1,39.13,3,90.809
11,0,28.91,2,89.835
22,0,26.85,3,95.741
16,0,40.03,1,91.114
8,2,29.43,2,91.54
40,2,42.58,2,98.563
40,2,21.74,1,94.42
2,1,21.46,4,90.647
30,2,43.18,4,93.904
30,1,36.21,4,96.789
12,1,29.49,3,90.697
10,2,38.88,1,91.561
11,1,36.81,2,90.577
15,2,33.28,2,91.498
16,2,22.47,2,91.26
17,0,40.3,3,92.352
26,2,41.65,3,93.841
2,0,24.3,4,89.792
12,2,41.26,3,91.852
26,2,41.95,4,93.16
23,0,33.74,4,96.397
18,0,36.4,2,92.551
32,2,29.56,3,94.7
3,1,27.04,4,90.592
6,0,38.05,1,89.722
3,1,41.55,1,90.618
30,1,36.35,3,97.676
1,1,32.79,2,90.641
13,0,23.97,2,89.958
32,1,21.34,4,96.634
21,0,31.14,3,95.193
13,1,21.23,1,90.258
27,2,34.23,4,92.752
36,2,29.57,4,95.34
7,0,38.93,0,89.835
22,2,27.64,3,92.189
10,2,34.82,4,91.542
15,1,33.44,1,90.572
15,0,20.12,0,90.278
4,1,21.81,1,90.479
32,1,27.26,2,96.765
23,1,42.06,0,93.013
6,1,23.68,0,90.357
24,1,37.77,4,93.118
20,1,44.33,2,91.639
37,1,39.76,4,102.311
20,0,26.07,3,94.108
12,2,42.71,1,91.577
33,1,22.33,1,96.259
28,1,31.7,4,95.143
8,1,42.19,1,90.47
1,1,36.03,1,90.637
37,1,30.34,3,102.369
22,1,27.32,2,91.051
6,2,29.38,0,91.672
21,2,32.72,4,92.027
32,1,27.98,4,97.291
35,2,44.22,3,97.998
15,0,43.33,3,90.891
5,1,41.77,0,90.565
24,0,30.55,2,96.725
14,0,37.28,4,90.387
6,1,42.57,3,90.596
25,2,41.26,4,92.981
24,0,30.36,1,96.344
29,1,22.81,4,95.041
7,0,21.89,2,89.661
8,0,34.43,2,89.773
13,0,36.07,4,90.167
6,0,41.25,1,89.656
18,2,27.31,2,91.411
2,0,24.19,3,89.846
8,0,29.48,4,89.704
11,0,28.84,1,89.777
33,2,23.31,3,94.474
22,0,36.81,4,95.846
6,0,32.72,1,89.718
27,2,38.03,3,93.749
20,2,28.82,2,91.544
12,2,28.14,4,91.473
11,0,31.81,4,89.934
31,2,41.94,2,93.847
27,2,21.01,0,92.042
10,0,40.12,3,90.092
3,2,29.22,2,91.862
13,0,41.37,4,90.335
27,1,40.06,3,95.896
35,2,28.72,3,96.116
31,1,37.35,0,98.03
15,0,23.99,4,90.19
16,2,42.41,1,91.653
13,0,30.11,0,90.228
35,1,31.39,0,100.311
20,0,37.64,1,93.877
11,2,40.52,1,91.647
21,2,25.91,0,91.913
11,1,36.53,3,90.626
16,0,29.8,2,90.967
35,2,29.22,2,94.23
22,1,37.25,0,92.132
38,2,29.68,3,97.8
31,2,28.65,1,92.129
14,0,40.9,0,90.623
24,2,22.53,4,91.693
18,0,36.9,3,93.091
32,2,26.22,4,93.246
36,1,20.39,4,99.017
32,2,24.17,0,93.434
23,0,35.17,3,96.885
15,0,37.73,4,90.619
35,1,20.53,3,99.643
3,2,20.91,2,91.738
16,2,42.56,4,91.882
5,1,21.83,4,90.504
21,2,42.35,3,92.8
10,2,25.7,2,91.539
19,0,38.5,4,93.593
25,2,27.74,0,92.314
4,2,41.47,3,91.804
29,1,37.51,3,97.11
19,1,30.05,4,91.028
11,0,21.91,2,89.721
2,2,38.32,4,91.851
10,2,35.42,1,91.447
43,2,20.07,4,97.151
25,0,20.24,1,96.565
20,0,40.22,0,94.453
19,1,26.48,3,91.305
23,0,35.9,3,97.061
24,2,31.36,2,91.85
11,2,41.59,4,91.584
14,0,42.92,0,90.624
34,2,44.92,1,95.034
28,2,23.84,2,91.59
5,0,41.57,0,89.777
27,0,26.65,0,99.587
5,2,34.77,1,91.667
21,2,32.64,1,91.612
12,2,20.45,3,91.533
4,1,43.32,4,90.65
20,1,21.96,2,90.715
25,1,37.21,4,93.591
14,0,39.63,2,90.333
11,1,39.88,0,90.592
11,0,23.39,1,89.759
18,0,31.19,1,92.235
27,1,40.74,0,95.509
18,1,27.57,0,90.952
23,1,31.69,2,91.883
11,2,26.82,0,91.522
21,1,31.59,2,91.15
44,2,42.2,4,101.833
5,0,31.38,1,89.753
23,2,33.9,1,91.726
25,1,30.1,1,92.59
9,0,31.5,4,89.793
22,0,20.38,4,94.882
10,0,27.09,3,89.938
22,2,30.91,2,91.772
19,1,35.84,2,91.076
1,0,31.25,3,89.891
7,0,28.45,1,89.715
4,0,29.7,2,89.708
1,2,26.06,2,91.909
15,2,43.11,1,91.653
12,1,33.04,0,90.661
22,2,20.34,0,91.723
22,0,20.49,3,95.448
17,1,44.32,4,91.349
14,0,25.54,2,90.06
14,0,40.14,2,90.319
20,2,21.46,3,91.909
33,1,43.03,3,100.739
43,2,41.86,2,100.171
15,2,34.28,1,91.441
12,1,20.22,1,90.164
8,0,26.45,4,89.733
22,0,30.17,2,95.107
20,1,31.5,2,91.094
6,0,27.44,2,89.653
3,1,20.82,2,90.497
28,1,34.75,3,96.204
26,2,33.1,0,92.947
30,1,27.08,2,95.559
13,2,20.95,0,91.469
13,0,44.86,1,90.171
2,0,32.05,4,89.848
5,0,38.9,1,89.742
17,0,31.31,2,91.65
38,2,21.08,1,93.727
2,0,27.74,3,89.913
36,1,28.0,0,100.614
26,1,40.96,2,94.196
11,1,36.36,3,90.578
8,2,26.89,0,91.555
12,0,44.19,3,90.408
8,0,28.04,1,89.665
11,0,44.96,2,89.968
22,2,44.9,1,92.224
20,1,24.78,4,90.964
8,1,27.82,2,90.429
8,0,32.15,1,89.719
26,1,36.6,2,93.845
30,1,33.2,0,97.032
17,2,44.24,2,91.934
20,2,38.1,2,91.933
16,2,25.3,0,91.6
46,2,22.63,1,96.795
11,0,37.21,2,89.934
7,2,23.96,3,91.609
16,1,39.69,2,90.931
13,0,27.78,1,89.847
27,1,28.17,0,94.684
23,1,20.27,1,91.072
24,1,37.53,4,93.009
9,2,22.83,2,91.535
35,2,39.32,2,95.467
19,0,32.3,0,93.488
20,0,39.61,2,94.043
37,2,34.6,3,97.982
17,1,22.06,3,90.847
15,0,39.14,1,90.447
31,2,21.74,0,92.935
8,2,31.97,4,91.523
15,2,24.31,1,91.322
31,1,38.81,0,98.273
30,2,42.79,0,94.251
46,2,33.85,1,99.201
20,2,33.18,1,91.579
39,2,39.1,2,97.563
21,0,20.13,4,94.219
23,0,42.94,3,97.457
12,2,24.94,2,91.355
17,1,44.6,0,91.428
10,0,38.41,4,89.892
30,2,39.36,4,93.599
19,0,36.41,1,93.089
14,0,31.79,4,90.34
11,1,34.29,4,90.539
34,2,21.16,0,94.132
7,2,35.6,2,91.669
34,1,35.65,4,99.641
20,1,42.28,1,91.35
38,2,32.64,2,96.106
24,2,21.93,1,91.102
10,1,27.65,4,90.439
20,0,36.39,2,93.942
15,0,25.98,4,90.365
37,1,27.01,0,101.313
20,0,40.51,2,94.135
3,1,34.61,1,90.565
5,0,32.71,0,89.719
25,0,27.96,3,98.29
40,2,38.27,1,97.186
8,2,27.19,4,91.625
8,0,38.43,1,89.791
12,0,21.75,3,89.997
23,2,41.61,1,92.079
40,2,32.49,0,98.585
11,2,30.96,1,91.404
8,1,35.28,2,90.527
24,0,35.6,3,97.915
10,2,23.3,1,91.399
7,0,38.91,3,89.786
28,1,26.9,0,95.184
36,1,42.62,2,101.386
13,2,40.45,4,91.732
32,1,28.66,1,96.379
4,0,40.19,0,89.756
37,2,28.91,3,97.135
26,0,22.52,3,98.816
22,0,44.05,0,96.305
4,1,36.32,1,90.478
31,1,31.4,4,97.029
18,1,29.94,1,90.64
24,1,28.12,2,92.198
23,1,44.54,1,92.352
22,2,23.37,2,91.392
2,0,27.87,3,89.874
23,0,32.14,2,96.084
11,0,31.95,4,89.957
14,0,31.78,0,90.41
32,1,24.39,2,96.423
5,0,23.62,1,89.704
38,2,26.37,2,95.151
10,2,42.86,3,91.747
8,0,22.83,2,89.731
14,0,38.94,4,90.375
24,2,38.94,2,92.409
35,2,40.24,4,96.324
23,1,42.17,1,92.143
17,2,26.58,3,91.931
1,1,25.61,0,90.671
31,1,31.64,1,96.142
31,1,26.63,1,95.611
34,1,38.36,0,100.352
9,1,35.9,2,90.411
22,0,41.87,2,95.738
13,2,22.07,2,91.372
25,1,42.88,3,94.593
18,2,27.33,1,91.27
12,2,32.27,4,91.604
17,1,30.97,0,91.056
15,0,39.01,1,90.386
15,1,30.51,2,90.571
15,0,43.59,0,90.878
39,2,42.56,4,98.799
13,0,41.8,1,90.108
17,0,21.78,1,91.21
9,0,41.36,3,89.989
40,2,39.54,1,97.319
20,2,22.59,1,91.078
26,0,22.69,4,98.089
27,0,22.53,4,98.945
21,1,20.28,0,91.139
18,0,33.72,2,92.362
13,1,44.33,4,90.792
16,0,30.97,0,91.174
9,1,33.52,1,90.377
12,2,44.2,0,91.907
12,0,26.38,0,90.052
6,0,41.46,0,89.686
19,0,33.66,0,93.498
7,0,34.24,4,89.803
35,1,28.58,2,98.732
16,0,34.04,0,91.255
18,2,21.83,3,91.766
16,2,39.12,1,91.589
23,0,27.12,1,95.576
39,2,42.19,1,97.228
4,0,29.2,1,89.76
27,0,23.57,1,98.375
25,2,37.4,0,92.919
8,0,24.11,2,89.712
13,2,38.84,3,91.85
17,1,44.2,4,91.159
17,0,39.49,3,92.344
37,1,20.56,4,99.737
6,2,35.0,4,91.587
19,1,37.39,3,91.68
13,1,40.64,0,90.793
26,2,21.4,1,91.069
14,1,32.0,0,90.678
31,1,33.38,1,96.265
4,2,24.23,2,91.602
8,1,28.06,4,90.439
25,2,31.01,3,92.882
13,1,40.83,2,90.632
32,2,43.24,1,94.027
38,2,35.71,0,97.829
28,1,29.87,3,95.765
30,1,26.35,4,95.981
3,1,44.55,2,90.595
3,0,44.58,4,89.858
13,0,43.12,1,90.167
22,0,39.64,4,95.872
34,2,28.14,0,94.951
16,1,40.43,2,90.952
22,2,30.22,2,91.823
6,0,28.17,0,89.723
8,1,38.62,4,90.497
8,2,21.99,0,91.542
6,1,21.21,3,90.452
14,2,31.2,0,91.741
32,1,31.14,4,97.669
3,0,42.39,0,89.752
10,0,23.15,1,89.663
3,1,23.08,0,90.573
12,2,23.69,0,91.488
17,0,20.74,4,91.466
27,0,21.79,3,99.577
5,0,36.5,3,89.733
25,1,30.79,4,93.295
31,1,39.09,4,97.771
21,2,44.81,4,92.64
20,2,36.48,1,91.621
39,2,21.26,2,94.838
22,1,22.61,0,91.378
4,1,42.03,4,90.58
13,2,33.19,4,91.575
45,2,40.62,4,102.12
20,1,41.42,3,92.077
13,2,43.19,4,91.749
17,0,43.75,0,92.21
36,1,33.87,4,100.855
33,2,28.53,0,94.5
1,1,44.05,1,90.695
15,0,33.69,2,90.394
13,1,21.61,3,90.637
17,1,36.07,0,91.247
24,1,34.69,1,92.307
8,1,42.39,2,90.45
18,0,36.33,2,92.57
27,1,28.73,2,93.927
23,1,44.16,0,93.045
46,2,40.04,1,100.548
8,1,35.76,4,90.527
8,2,27.32,1,91.501
27,0,29.34,1,98.769
26,0,36.75,1,98.416
15,0,21.8,0,90.371
27,0,26.42,0,99.552
13,2,37.85,0,91.822
37,1,32.0,1,99.871
17,0,30.06,0,91.926
28,1,23.79,2,94.039
25,2,31.05,0,92.567
16,2,39.27,3,92.119
2,2,26.6,0,91.821
22,0,20.13,0,95.173
18,1,36.71,0,91.355
17,1,44.32,0,91.446
30,1,35.17,3,97.62
39,2,23.0,4,95.905
13,0,28.02,0,90.245
32,2,41.69,2,94.308
29,2,25.81,3,93.046
30,1,35.19,4,96.693
18,2,30.07,0,91.747
13,1,25.2,4,90.469
11,0,40.34,2,90.063
21,1,38.57,3,92.194
21,0,36.54,3,95.382
17,1,25.91,4,90.705
40,2,22.45,0,96.998
19,2,34.4,1,91.648
20,0,33.84,3,94.528
15,0,24.71,1,90.061
9,0,21.41,3,89.726
10,1,22.02,0,90.531
31,1,44.82,0,98.764
21,0,39.59,3,95.539
23,2,43.05,4,92.624
30,1,24.88,0,96.223
33,1,44.01,0,100.212
9,1,23.57,2,90.285
22,0,32.73,0,95.742
15,0,40.74,2,90.566
1,0,28.75,0,89.904
12,0,30.62,0,90.241
3,0,23.2,4,89.827
11,2,23.07,4,91.517
34,2,35.49,0,95.764
16,0,36.89,3,91.522
9,1,39.43,3,90.652
15,0,33.92,0,90.494
12,2,36.14,3,91.745
33,2,20.34,0,93.496
14,1,24.05,4,90.407
8,2,44.62,1,91.575
8,0,21.9,2,89.603
27,1,36.97,3,95.676
12,0,24.4,3,90.092
1,0,37.92,4,89.809
11,1,37.65,3,90.705
7,0,25.85,0,89.67
43,2,26.74,0,99.256
17,0,36.37,1,91.671
33,1,29.75,1,97.066
32,1,24.86,1,96.013
29,1,38.29,0,96.753
21,0,23.85,1,93.928
21,1,41.39,1,91.361
23,1,32.87,0,92.456
24,0,22.64,4,96.565
6,2,37.35,3,91.724
22,0,32.98,2,95.303
37,1,27.45,0,101.276
8,1,30.56,0,90.459
9,0,27.46,2,89.744
35,2,26.58,2,93.965
11,1,24.09,1,90.277
24,1,29.07,2,92.242
21,1,26.27,3,91.585
19,0,37.09,3,93.764
2,1,37.1,3,90.703
40,2,32.55,3,99.36
19,1,39.45,3,91.782
28,1,41.03,1,95.01
17,2,34.49,0,91.964
6,1,35.47,2,90.433
19,0,27.07,0,93.202
24,0,42.37,2,97.431
6,0,20.61,1,89.513
28,2,28.72,1,91.554
2,1,38.05,4,90.663
6,0,22.0,4,89.728
37,2,24.58,1,93.843
4,1,34.73,1,90.527
22,2,34.0,2,92.006
26,0,38.47,1,98.567
17,0,40.32,0,92.147
11,0,23.21,2,89.837
36,2,20.46,1,92.892
13,2,37.24,2,91.554
20,0,27.53,2,93.532
32,2,35.65,3,95.206
17,0,23.76,4,91.515
9,0,31.73,2,89.79
36,1,32.61,2,99.972
46,2,34.63,3,103.553
19,0,32.83,1,92.906
26,0,32.39,2,98.519
35,2,28.32,3,96.088
28,1,21.78,0,94.65
1,1,22.24,3,90.677
10,0,30.84,4,89.794
18,2,28.89,4,91.676
33,1,32.9,1,97.376
12,2,27.62,1,91.419
8,2,37.2,4,91.69
24,0,41.6,4,97.705
16,1,27.47,2,90.539
18,0,24.82,4,92.254
4,1,22.9,1,90.478
27,1,35.41,4,94.829
9,1,31.1,1,90.278
16,1,24.7,0,90.78
12,1,36.33,4,90.556
31,2,23.71,1,91.597
24,0,33.86,3,97.831
14,2,33.18,2,91.455
25,1,38.36,1,93.071
2,0,21.38,4,89.824
3,1,42.2,4,90.589
26,0,37.57,0,99.491
24,2,25.4,3,92.435
22,0,24.59,1,94.645
10,0,30.79,3,89.976
9,0,40.44,0,89.93
26,0,41.07,2,99.071
20,0,33.01,3,94.447
10,1,41.52,0,90.629
19,0,20.14,1,92.447
3,0,20.88,2,89.7
24,2,42.8,4,92.901
5,0,39.38,0,89.833
3,2,31.27,4,91.775
27,1,38.84,2,94.682
16,0,43.89,0,91.532
15,2,39.3,0,91.873
35,2,41.06,2,95.733
12,1,39.02,1,90.638
9,0,24.21,0,89.862
21,0,40.84,2,94.978
44,2,24.88,3,100.426
26,0,42.32,4,99.433
47,2,31.47,0,102.552
2,0,36.92,3,89.699
23,2,32.43,0,92.424
18,0,22.35,1,91.937
20,1,27.27,2,90.898
12,0,44.59,0,90.389
23,0,44.02,2,96.602
4,1,28.01,0,90.613
23,0,44.91,1,96.448
1,1,41.14,1,90.788
22,0,35.27,3,96.204
25,2,21.0,1,91.076
2,2,42.54,2,91.906
3,0,33.94,1,89.806
26,0,41.71,0,99.844
21,0,40.86,1,94.689
25,2,40.83,2,92.582
20,0,37.45,0,94.398
22,2,27.29,3,92.252
21,1,28.4,3,91.732
33,2,27.71,3,94.921
38,2,20.5,0,95.827
15,1,34.56,3,91.006
46,2,37.47,1,99.953
20,0,41.35,0,94.616
15,0,23.5,0,90.382
46,2,33.6,0,102.307
25,0,20.2,4,97.269
21,2,22.38,2,91.353
24,0,21.36,4,96.591
25,0,38.14,4,98.304
5,2,22.03,4,91.644
6,0,37.91,2,89.662
43,2,26.24,4,98.208
16,0,41.94,3,91.618
12,0,40.33,0,90.279
23,1,43.95,0,92.995
4,1,42.09,1,90.498
27,2,43.33,3,94.177
18,1,41.47,2,91.025
21,2,37.33,0,92.431
28,1,24.26,4,94.477
3,0,26.79,1,89.724
22,2,25.32,1,91.295
40,2,35.09,0,99.018
23,0,32.59,3,96.995
3,2,41.68,1,91.824
40,2,43.82,0,100.369
10,1,30.12,3,90.579
25,2,32.66,0,92.723
20,0,44.29,0,94.698
8,1,26.91,3,90.465
11,1,39.81,3,90.631
5,0,25.63,3,89.71
26,0,37.04,0,99.543
37,1,26.34,1,99.09
45,2,42.09,2,101.403
29,1,34.04,2,95.584
5,0,24.65,0,89.743
9,1,25.61,0,90.375
27,0,32.35,1,98.933
2,1,44.04,3,90.722
1,2,39.24,0,91.926
30,1,32.21,4,96.52
11,1,28.44,3,90.652
12,0,33.73,0,90.103
12,0,38.71,4,90.135
7,0,39.6,1,89.747
26,1,28.12,4,93.574
13,2,38.03,0,91.761
27,0,36.44,2,99.629
8,0,43.98,0,89.834
28,1,43.28,2,95.67
26,0,39.73,1,98.598
30,2,38.08,1,92.547
9,2,26.85,3,91.656
7,0,41.15,3,89.889
26,0,30.69,2,98.319
21,1,26.81,2,90.914
47,2,29.6,1,98.773
34,2,40.9,4,95.809
23,0,23.72,2,95.564
31,1,31.4,2,96.633
25,2,32.31,4,92.324
12,2,20.92,3,91.521
1,1,24.89,3,90.813
22,1,40.67,2,91.82
40,2,40.77,3,100.687
37,2,27.31,3,96.986
1,1,41.87,3,90.685
1,2,39.29,1,91.962
25,0,30.45,0,98.242
10,0,38.71,2,89.827
21,1,44.03,2,91.707
15,1,31.47,1,90.47
17,1,25.96,0,90.901
22,0,43.55,0,96.335
38,2,35.09,1,95.701
3,0,22.63,4,89.686
45,2,34.32,4,100.8
16,0,32.51,0,91.224
8,2,41.39,4,91.685
15,0,33.27,4,90.416
17,1,26.38,4,90.709
17,0,36.89,0,92.043
26,2,33.56,4,92.544
13,0,25.83,2,90.038
17,0,34.34,0,92.034
6,0,40.54,1,89.808
17,1,20.71,4,90.599
16,0,35.77,3,91.475
14,1,28.74,0,90.652
6,1,27.32,1,90.422
3,0,29.81,2,89.73
14,0,28.55,1,89.993
14,0,40.81,4,90.427
47,2,26.87,3,102.578
8,0,38.33,4,89.772
15,1,22.35,1,90.423
22,0,43.78,0,96.334
27,2,35.56,3,93.535
13,0,37.67,3,90.407
31,2,27.45,1,92.131
35,2,30.3,4,94.978
6,0,25.59,1,89.63
5,1,43.31,3,90.596
22,2,32.2,1,91.567
26,0,35.76,3,99.648
17,0,38.36,4,91.999
23,1,29.28,0,92.3
25,2,38.0,0,93.026
34,2,36.9,1,94.201
26,0,37.64,3,99.948
15,0,32.23,0,90.589
5,1,29.57,3,90.551
26,1,25.55,4,93.356
20,2,40.62,1,91.918
6,2,35.21,3,91.704
6,0,31.11,1,89.631
18,2,43.6,3,92.449
4,1,21.2,3,90.563
17,1,41.25,4,91.236
25,0,44.94,1,98.116
14,1,42.17,2,90.789
14,1,40.26,3,91.002
13,1,29.36,3,90.742
7,1,25.78,0,90.454
12,0,38.37,1,90.016
23,0,27.61,2,95.79
15,2,24.4,4,91.482
19,1,39.66,2,91.203
43,2,27.81,4,98.537
15,0,42.86,2,90.558
12,0,41.02,2,90.061
3,0,41.19,1,89.742
17,0,39.29,0,92.159
3,0,42.02,2,89.756
19,0,40.14,3,93.916
20,0,35.06,3,94.506
36,1,27.4,3,101.297
35,2,42.21,0,97.091
26,0,41.02,2,99.062
24,1,31.82,4,92.806
17,1,20.98,4,90.577
7,2,35.96,1,91.577
11,0,21.26,0,89.943
1,2,43.16,2,91.876
3,0,44.04,3,89.864
32,1,24.74,0,97.513
36,1,36.91,0,101.79
13,1,22.31,2,90.39
6,1,38.24,1,90.439
14,2,28.68,1,91.435
5,0,37.03,1,89.709
16,0,29.32,3,91.318
15,2,23.64,3,91.64
15,0,30.15,2,90.296
4,1,22.82,1,90.487
8,0,34.42,2,89.807
16,1,21.02,1,90.297
28,2,33.18,0,93.181
16,0,42.16,4,91.392
4,2,40.95,4,91.733
13,0,42.07,1,90.19
26,1,43.05,2,94.402
28,2,22.61,3,92.656
13,0,23.22,1,89.874
2,1,33.93,1,90.714
31,2,42.35,3,95.291
3,2,44.36,1,91.842
22,0,21.16,0,95.274
8,0,28.89,3,89.736
24,0,25.32,0,97.07
15,1,38.9,4,90.858
11,0,36.0,3,90.14
31,2,23.0,3,93.523
9,2,32.09,2,91.6
7,0,37.14,2,89.65
13,0,39.48,3,90.555
2,2,20.5,4,91.921
8,1,42.26,1,90.499
7,0,34.23,2,89.731
24,0,40.3,4,97.567
44,2,40.2,4,101.376
19,0,24.75,2,92.717
16,1,22.75,1,90.359
35,2,38.03,2,95.412
10,0,23.91,4,89.785
38,2,41.25,0,98.737
18,0,38.15,2,92.56
18,0,41.05,4,92.78
5,0,27.48,2,89.695
29,1,27.91,4,95.405
34,1,36.78,1,98.556
43,2,20.79,4,97.29
13,0,38.16,3,90.469
23,0,40.89,0,97.033
5,1,30.38,4,90.538
6,0,39.12,2,89.722
4,1,24.37,2,90.559
23,0,28.06,4,96.062
6,2,44.36,3,91.708
10,0,44.66,4,89.947
18,0,32.82,1,92.198
15,1,43.36,3,91.262
8,0,33.07,4,89.72
26,0,27.29,0,98.686
32,1,26.67,3,98.215
9,2,43.24,4,91.612
37,2,24.31,0,95.812
10,1,34.49,4,90.6
20,1,33.89,1,90.911
6,1,38.49,2,90.502
3,1,32.48,4,90.578
11,1,26.81,3,90.576
43,2,24.23,4,97.84
17,2,35.52,4,91.869
32,1,37.97,4,98.39
4,0,34.24,4,89.766
4,1,38.46,3,90.562
17,0,23.54,3,91.922
19,1,42.06,4,91.539
5,1,34.56,2,90.505
32,2,23.17,4,92.957
22,0,31.55,3,95.885
24,0,41.12,1,97.07
6,2,42.44,4,91.688
35,2,26.62,4,94.631
22,2,37.78,4,92.276
1,2,22.5,4,91.933
20,0,20.84,0,93.83
22,0,34.01,4,95.607
11,1,37.37,3,90.619
13,1,39.89,3,91.004
42,2,28.51,0,98.997
3,2,20.16,4,91.731
9,2,31.99,2,91.489
12,1,20.4,4,90.41
23,1,22.3,3,92.226
14,1,28.17,1,90.474
33,1,30.93,1,97.232
18,1,26.99,2,90.653
9,1,34.55,4,90.444
23,1,21.38,0,91.85
10,2,23.61,4,91.485
19,2,37.38,2,91.895
47,2,23.55,2,98.477
5,2,35.99,2,91.634
23,1,21.37,1,91.038
25,0,30.18,4,97.842
28,1,24.44,4,94.534
2,0,22.74,0,89.807
45,2,34.18,2,99.879
25,1,43.21,2,93.724
10,2,21.37,3,91.514
14,1,30.54,3,90.799
42,2,37.69,1,98.032
25,0,31.57,4,97.847
14,0,40.16,0,90.589
26,0,24.49,0,98.594
30,1,43.99,2,97.077
23,0,29.63,0,96.447
25,1,28.54,2,92.728
14,0,41.87,4,90.467
3,0,34.1,0,89.857
34,1,32.91,2,98.775
10,1,38.17,4,90.444
3,0,34.5,4,89.833
11,1,24.06,2,90.358
11,0,36.85,2,90.055
21,1,23.34,1,90.573
21,2,40.15,4,92.356
22,2,44.74,2,92.39
45,2,29.43,4,99.937
7,2,31.12,0,91.757
17,2,21.16,3,91.696
2,0,20.34,3,89.777
12,2,43.04,2,91.73
42,2,23.22,2,96.364
18,2,31.14,4,91.75
11,2,40.38,2,91.688
16,1,42.23,4,91.024
17,0,32.98,2,91.662
18,2,34.13,4,91.857
35,2,36.74,2,95.164
26,2,44.03,1,92.543
16,0,35.07,4,91.269
6,1,33.99,1,90.458
25,0,20.36,1,96.526
12,1,22.02,1,90.274
13,2,34.43,1,91.519
4,2,43.41,0,91.774
7,0,41.67,3,89.866
22,0,44.56,0,96.335
2,1,33.2,2,90.654
26,1,39.7,2,94.017
27,0,41.01,3,101.06
27,1,36.2,3,95.579
27,0,28.47,3,100.049
15,1,31.75,1,90.578
8,0,41.45,0,89.878
7,0,27.46,2,89.645
15,0,43.09,0,90.852
12,1,25.75,0,90.474
13,1,38.74,0,90.749
17,1,35.76,3,91.266
17,0,38.74,3,92.248
36,1,30.93,2,99.783
21,1,43.32,2,91.707
8,0,35.81,2,89.787
5,2,27.21,0,91.552
26,0,35.96,3,99.705
16,1,27.17,1,90.421
4,0,27.34,0,89.742
28,2,29.99,4,92.505
22,0,41.31,0,96.215
29,1,32.51,3,96.672
47,2,36.97,4,102.589
12,1,29.8,0,90.561
37,2,26.59,3,96.831
30,2,43.87,3,94.923
23,0,35.09,1,95.941
16,0,43.35,0,91.506
14,1,25.09,3,90.676
10,0,23.67,2,89.762
7,0,41.4,3,89.859
45,2,37.02,1,99.438
20,0,24.66,3,94.062
37,2,26.73,0,96.075
29,2,40.02,0,93.905
3,2,31.35,4,91.757
15,1,36.76,0,90.947
36,1,27.96,4,100.031
19,1,29.53,2,90.906
13,2,44.77,1,91.677
21,1,26.19,2,91.005
37,1,32.66,4,101.43
27,0,41.11,3,101.041
29,1,25.98,3,96.034
20,1,30.38,2,90.985
25,2,35.38,3,93.219
6,2,32.03,4,91.661
36,2,31.49,1,94.462
2,2,29.06,0,91.837
22,2,34.67,4,92.275
32,2,35.61,4,94.198
16,1,36.33,0,91.037
18,2,21.76,0,91.553
5,2,35.78,1,91.71
22,0,43.83,1,95.529
36,1,33.52,1,99.421
30,1,37.88,3,97.857
19,1,33.92,4,91.104
23,2,41.37,0,92.873
34,2,43.24,4,96.143
13,2,24.61,4,91.482
11,0,30.92,1,89.786
29,2,29.81,1,91.743
4,0,30.13,4,89.753
22,1,23.14,1,90.64
47,2,40.34,3,105.588
4,0,20.89,0,89.702
9,0,33.21,4,89.763
39,2,36.55,0,98.719
19,1,25.19,3,91.298
6,1,42.65,1,90.373
15,1,40.96,2,90.805
25,0,31.78,3,98.601
20,0,30.28,2,93.703
9,0,25.91,0,89.767
4,0,38.25,4,89.737
18,1,23.29,1,90.426
5,2,37.01,3,91.721
20,0,41.06,1,93.938
23,0,25.71,2,95.698
11,1,41.66,2,90.507
37,2,20.83,4,94.625
22,2,42.82,2,92.258
4,1,22.96,4,90.521
29,1,36.14,3,97.002
44,2,26.25,4,98.683
2,0,40.91,2,89.761
13,2,32.81,0,91.64
9,1,23.38,4,90.452
10,0,34.27,1,89.777
7,0,30.2,0,89.731
4,1,36.54,4,90.499
19,1,42.05,1,91.178
30,1,30.23,0,96.715
31,2,27.25,4,92.883
35,2,20.36,3,94.98
25,0,34.37,1,97.48
21,1,30.06,3,91.792
19,0,29.37,2,92.903
21,0,24.57,4,94.471
2,0,30.75,4,89.802
27,0,44.61,1,99.721
10,1,27.44,4,90.501
2,0,34.99,2,89.829
2,1,39.41,4,90.667
24,1,38.73,0,93.482
17,2,28.22,3,91.839
32,1,35.27,2,97.604
16,2,41.78,2,91.848
16,1,20.39,3,90.731
31,1,30.89,3,98.015
24,1,25.61,2,91.996
1,2,29.72,3,91.92
11,2,30.4,1,91.374
23,0,38.67,3,97.219
21,2,22.35,0,91.698
4,2,32.81,0,91.718
7,2,34.1,1,91.539
26,2,32.35,3,93.061
15,0,38.3,0,90.673
12,2,29.59,4,91.536
31,1,43.62,3,99.161
17,1,32.05,1,90.619
33,2,34.28,3,95.593
11,2,40.64,2,91.594
28,1,26.88,2,94.276
32,1,21.88,0,97.198
1,0,37.69,2,89.898
28,1,32.08,1,94.385
7,1,42.41,0,90.533
2,2,44.57,1,91.794
24,1,29.98,1,92.052
4,0,30.39,2,89.735
19,1,30.2,2,90.974
26,2,28.11,1,91.408
11,2,39.54,2,91.592
11,1,38.97,2,90.575
45,2,31.97,2,99.358
3,0,21.12,3,89.732
12,0,27.74,1,89.807
3,1,27.31,4,90.616
27,1,40.28,1,94.322
2,1,22.19,0,90.624
16,2,40.14,2,91.704
2,0,36.73,2,89.795
22,0,38.31,4,95.838
30,2,30.81,0,93.253
20,0,36.99,3,94.591
28,1,35.23,1,94.556
25,1,39.22,3,94.431
32,1,31.17,0,98.194
10,0,31.82,4,89.93
33,1,36.09,0,99.407
13,2,22.7,4,91.451
41,2,30.91,3,99.776
22,0,44.3,3,96.612
42,2,20.94,0,97.782
47,2,27.9,0,101.629
5,0,27.85,2,89.703
16,1,35.84,4,90.897
22,1,22.65,2,90.86
20,1,35.71,1,91.103
18,0,22.38,1,91.852
43,2,22.37,0,98.489
27,1,38.2,3,95.654
16,1,28.1,1,90.514
2,0,44.44,1,89.835
32,1,20.93,2,96.097
26,0,31.13,2,98.307
25,2,22.83,1,91.1
2,0,28.78,0,89.801
12,0,44.96,2,90.255
8,0,42.22,1,89.761
9,0,21.21,3,89.768
12,2,34.08,2,91.499
26,2,36.2,1,91.961
9,1,25.24,4,90.473
10,2,23.63,2,91.499
32,2,42.61,4,94.912
34,1,44.22,2,100.073
20,2,44.8,2,92.191
7,0,39.74,4,89.819
2,0,36.59,0,89.867
1,1,28.64,1,90.686
36,1,24.28,0,100.204
24,1,21.97,0,92.452
22,0,37.33,1,95.22
27,2,39.62,3,93.836
2,0,40.66,0,89.897
31,1,42.84,0,98.576
14,2,42.0,0,91.889
2,2,44.99,3,91.809
15,0,26.1,2,90.188
12,1,39.08,4,90.623
5,0,34.66,4,89.803
28,2,26.53,3,93.0
20,0,44.55,0,94.655
7,0,42.45,4,89.773
24,1,23.21,3,92.708
21,1,20.65,1,90.364
10,2,37.21,4,91.553
14,0,35.1,1,90.186
14,0,43.4,0,90.626
5,0,25.85,4,89.746
18,2,22.11,3,91.686
24,2,26.48,2,91.595
14,1,20.47,4,90.352
34,1,20.9,4,97.859
12,1,42.87,4,90.628
22,0,28.8,4,95.344
24,0,30.27,3,97.598
6,1,20.46,3,90.44
4,0,26.76,2,89.61
36,1,40.12,3,102.978
22,2,35.39,3,92.654
14,1,38.84,0,90.809
16,2,31.18,0,91.812
4,0,27.74,1,89.756
25,1,32.07,2,92.989
1,0,28.08,0,89.986
45,2,40.97,2,101.16
36,2,27.44,2,94.485
20,2,36.49,4,92.085
18,0,23.42,2,92.155
6,0,37.17,4,89.635
3,0,42.83,1,89.894
23,0,35.21,1,96.002
32,2,34.0,1,93.032
45,2,44.03,4,102.788
16,1,35.68,4,90.869
5,1,26.49,1,90.468
4,0,27.31,4,89.756
21,2,37.63,3,92.659
40,2,38.39,3,100.35
14,2,27.59,4,91.54
31,1,28.63,4,96.655
14,1,44.78,0,90.992
6,2,22.55,0,91.568
12,2,30.12,2,91.472
16,2,21.56,2,91.337
17,1,40.53,2,90.974
45,2,22.31,1,96.37
23,2,36.85,3,92.86
14,0,21.41,1,89.866
7,0,36.82,4,89.778
32,1,41.08,0,99.238
15,2,29.97,4,91.66
44,2,33.05,4,99.997
17,0,30.04,0,91.936
34,1,27.51,4,98.653
5,0,40.08,2,89.808
13,0,26.8,0,90.12
27,0,38.07,4,99.985
20,0,25.15,2,93.492
23,2,26.25,2,91.689
40,2,28.41,3,98.691
27,0,34.73,2,99.501
14,1,31.36,1,90.338
15,1,38.63,0,91.085
33,1,25.34,0,98.163
31,1,20.27,0,96.321
3,0,39.41,4,89.79
17,2,40.54,4,91.962
28,1,21.49,1,93.612
19,0,35.27,2,93.221
23,1,29.46,4,91.911
32,1,39.85,2,98.041
8,0,41.86,2,89.753
13,2,41.28,4,91.675
20,2,39.43,4,92.199
3,0,26.73,1,89.817
5,2,40.3,3,91.698
9,0,33.34,0,89.839
6,0,21.32,4,89.661
25,0,31.42,4,97.868
31,2,43.55,2,93.984
22,0,42.2,3,96.455
2,1,22.56,4,90.645
45,2,38.6,3,103.725
5,2,40.14,0,91.747
27,2,26.78,2,91.763
25,2,31.79,1,91.707
8,1,37.77,0,90.483
1,2,30.98,3,91.955
20,2,22.82,3,91.87
12,0,37.65,0,90.25
23,2,42.79,3,93.128
32,1,36.31,1,97.174
11,1,39.35,1,90.439
24,1,28.96,3,93.122
11,1,24.58,3,90.472
29,2,36.07,1,92.283
26,2,28.19,3,92.784
16,1,41.5,4,91.051
35,1,23.07,2,98.109
20,2,30.84,4,91.85
3,1,29.92,3,90.592
1,0,43.45,3,90.005
1,1,23.83,2,90.689
17,1,20.25,3,90.86
2,0,25.95,2,89.99
20,0,40.51,1,93.909
6,2,25.23,2,91.659
8,2,26.02,2,91.555
16,0,23.25,4,91.02
19,0,37.89,3,93.743
33,2,21.73,1,92.005
3,1,28.28,0,90.527
3,0,27.06,2,89.778
5,2,33.88,0,91.66
27,1,38.26,3,95.604
12,0,33.32,2,89.954
12,1,43.28,0,90.794
20,2,43.79,4,92.306
13,0,29.04,0,90.262
20,1,39.44,4,91.521
9,0,38.47,1,89.777
4,1,42.32,3,90.544
19,2,31.2,0,91.977
38,2,33.26,2,96.177
27,0,30.39,3,100.334
13,1,41.26,0,90.869
13,0,25.74,2,89.959
25,0,25.99,2,97.28
22,1,29.32,2,91.244
28,1,25.76,2,94.37
22,1,34.03,0,91.911
43,2,23.36,1,95.851
19,0,28.0,4,93.162
8,0,42.84,4,89.726
8,2,30.23,4,91.575
26,1,38.71,1,93.725
26,2,22.84,2,91.516
23,2,26.19,2,91.435
43,2,40.18,3,102.597
13,0,39.07,4,90.165
28,2,29.65,4,92.521
9,0,43.86,2,89.87
20,0,42.77,4,94.482
24,0,44.06,2,97.519
19,1,30.7,2,91.032
16,0,24.94,2,90.771
7,0,35.67,0,89.75
12,1,37.12,0,90.707
15,0,23.14,0,90.335
31,2,39.66,0,94.613
14,2,20.45,1,91.177
11,0,32.07,3,90.066
26,1,28.28,3,94.331
42,2,38.51,2,99.068
27,1,27.82,4,94.203
11,1,40.67,0,90.609
38,2,34.87,3,98.565
34,1,39.85,3,101.161
43,2,44.73,0,102.53
19,1,36.98,1,90.88
6,2,44.62,1,91.709
14,0,20.72,3,90.313
38,2,28.45,1,94.817
42,2,22.7,0,98.008
28,2,26.56,3,93.072
1,2,40.97,0,91.878
35,1,20.81,1,97.141
8,0,33.0,0,89.758
8,2,34.18,1,91.536
7,1,34.03,1,90.428
11,0,31.88,0,90.076
7,0,39.77,1,89.731
4,0,23.34,2,89.83
25,0,27.76,0,97.991
12,2,35.39,2,91.555
26,2,37.27,0,93.133
12,1,30.1,1,90.388
37,1,41.88,1,101.276
24,1,30.39,3,93.145
16,0,30.07,3,91.376
25,0,20.91,2,97.057
13,2,33.78,1,91.402
25,0,37.72,3,98.918
22,0,22.86,1,94.516
22,0,27.64,0,95.579
4,1,39.53,3,90.597
11,1,29.15,2,90.329
32,2,26.04,3,94.177
17,0,36.81,1,91.56
7,0,24.92,4,89.77
46,2,42.39,4,103.106
26,0,22.64,1,97.466
11,0,37.66,0,90.063
28,1,32.49,3,96.021
41,2,41.75,4,99.911
23,2,23.15,0,91.944
45,2,36.95,1,99.329
23,2,34.3,0,92.538
28,1,32.0,1,94.411
26,1,32.29,3,94.641
25,0,38.05,0,98.564
22,0,43.44,3,96.492
19,0,22.28,0,93.157
1,0,20.49,1,90.004
36,1,40.14,1,100.303
14,2,22.7,0,91.517
14,1,44.67,1,90.717
3,0,35.48,2,89.806
30,1,36.27,2,96.292
28,2,24.97,3,92.905
17,2,26.01,2,91.34
3,1,36.48,2,90.58
16,1,42.74,4,91.05
30,1,44.56,4,97.528
20,0,24.95,4,93.707
29,1,23.35,4,95.026
15,1,21.41,1,90.214
25,1,41.71,3,94.617
38,2,27.37,3,97.424
42,2,20.05,2,95.66
27,0,25.6,3,99.933
15,0,28.51,2,90.252
38,2,44.77,3,99.99
23,2,33.09,0,92.447
25,2,25.12,0,92.258
7,1,28.37,3,90.574
22,1,28.26,1,90.926
17,2,20.49,2,91.173
18,1,23.38,3,91.079
10,1,37.38,2,90.503
10,0,23.01,4,89.83
7,2,25.77,3,91.647
38,2,28.77,1,94.764
27,1,38.94,4,94.986
33,2,34.56,3,95.651
1,0,37.22,0,89.835
12,0,34.18,3,90.248
21,0,37.09,0,95.191
34,2,20.07,0,93.965
4,2,43.27,3,91.809
17,2,22.77,3,91.804
4,2,30.16,0,91.741
43,2,39.28,2,99.726
22,0,30.88,4,95.438
26,1,43.67,1,94.054
4,0,31.69,3,89.754
1,2,41.87,4,91.982
7,0,40.27,4,89.824
30,2,44.52,2,93.623
9,2,43.16,4,91.666
3,0,42.45,3,89.783
8,2,38.29,4,91.661
24,1,29.17,3,93.161
19,2,22.65,3,91.826
36,1,37.22,0,101.886
27,1,44.47,2,95.031
32,2,38.17,1,93.459
14,0,43.22,0,90.589
18,1,40.11,1,91.004
16,0,24.08,3,91.165
35,1,26.23,0,99.822
47,2,28.55,4,100.752
31,2,24.21,4,92.639
4,1,34.54,1,90.449
37,2,44.39,3,99.34
17,1,39.04,1,90.83
39,2,30.58,2,96.319
16,0,20.11,4,90.825
46,2,27.83,0,101.115
26,0,33.17,0,99.173
39,2,28.11,0,97.408
9,0,22.78,4,89.756
4,2,31.07,3,91.687
22,0,26.33,4,95.208
11,1,42.73,4,90.666
2,1,22.54,0,90.609
12,0,21.23,4,89.857
12,2,20.13,0,91.484
4,0,28.2,3,89.753
18,2,36.51,2,91.72
26,1,38.26,0,94.763
7,2,31.33,1,91.562
1,1,37.11,2,90.652
26,2,29.0,3,92.813
23,2,36.7,2,92.152
26,2,21.01,0,91.962
13,0,29.77,3,90.303
6,0,39.77,1,89.661
6,1,40.08,0,90.507
8,1,37.9,0,90.532
24,0,25.11,3,97.222
22,1,26.18,3,91.758
19,0,44.9,2,93.492
37,2,22.58,1,93.499
18,1,24.52,2,90.604
31,1,23.25,2,95.735
5,0,28.19,0,89.764
30,1,25.25,3,96.687
33,1,32.44,0,99.052
10,2,31.9,1,91.49
37,1,42.54,2,101.956
12,2,20.87,1,91.243
22,0,28.0,3,95.796
30,1,34.92,3,97.606
27,2,35.12,4,92.753
7,0,32.0,1,89.729
9,1,40.39,0,90.565
22,0,21.57,1,94.544
21,1,40.39,2,91.543
12,0,32.37,3,90.225
23,0,23.34,3,96.47
29,2,42.14,1,92.83
1,0,36.23,1,89.963
15,1,24.09,1,90.315
2,1,20.84,2,90.683
39,2,23.53,2,95.209
18,1,35.22,0,91.305
3,1,24.48,1,90.562
7,1,25.64,0,90.368
11,0,20.63,4,89.813
18,0,38.07,2,92.582
37,1,40.26,3,103.735
33,2,39.92,4,95.088
12,0,23.19,3,90.075
31,2,42.58,4,94.404
11,1,36.81,0,90.551
4,1,42.44,0,90.558
27,0,31.18,2,99.232
18,1,30.92,3,91.382
4,0,39.61,4,89.728
34,1,22.33,1,96.96
29,1,33.02,1,95.031
24,0,40.91,2,97.276
22,0,40.75,3,96.402
2,0,43.9,1,89.78
6,1,37.46,2,90.458
25,1,25.19,2,92.598
21,2,20.51,3,91.899
23,0,31.99,1,95.716
16,1,32.84,1,90.522
31,1,26.01,1,95.572
14,0,23.12,0,90.261
39,2,34.66,1,96.066
19,0,39.11,4,93.37
9,2,44.83,0,91.666
22,1,38.96,0,92.207
32,2,39.84,0,95.107
5,1,35.41,0,90.496
23,0,44.65,2,96.735
5,0,36.0,4,89.712
10,0,41.51,3,90.135
32,2,43.64,1,93.979
10,1,43.25,0,90.589
27,0,29.54,3,100.251
7,0,21.97,2,89.655
15,1,24.3,3,90.73
7,0,21.48,0,89.723
29,1,22.63,4,94.981
3,1,24.62,3,90.526
19,1,28.53,0,91.208
10,1,33.59,0,90.528
28,1,37.79,1,94.735
29,2,25.27,1,91.332
15,0,36.81,4,90.659
35,2,37.61,1,94.698
6,0,33.97,4,89.788
12,2,42.59,2,91.669
13,1,22.77,2,90.415
19,0,24.43,1,92.634
3,0,30.72,2,89.725
8,2,23.17,3,91.635
8,2,34.16,3,91.627
23,0,29.96,3,96.77
20,2,27.11,2,91.495
47,2,24.25,3,102.011
4,2,28.38,4,91.711
21,1,35.2,0,91.825
3,1,34.39,1,90.567
45,2,24.09,4,98.695
8,2,23.12,3,91.518
23,1,20.67,0,91.747
16,1,20.31,1,90.303
13,0,42.0,4,90.382
3,0,21.13,1,89.776
9,1,38.28,2,90.478
14,2,41.8,3,92.066
13,2,22.45,4,91.441
7,2,30.91,4,91.648
15,2,44.06,0,92.016
7,0,40.85,0,89.771
34,1,32.24,0,99.721
41,2,39.06,1,97.849
22,0,40.83,3,96.368
24,2,28.7,1,91.461
37,1,42.3,3,103.977
12,0,31.76,4,90.019
1,1,33.2,1,90.754
10,1,44.99,1,90.409
11,0,41.08,1,89.987
16,0,29.04,2,91.026
14,0,20.26,3,90.289
8,0,35.65,3,89.907
24,0,37.6,1,96.87
17,0,36.27,2,91.829
25,0,44.2,1,98.097
12,2,41.57,3,91.829
25,1,31.22,4,93.234
17,0,21.57,2,91.427
26,2,31.9,2,92.074
46,2,37.23,1,99.933
14,2,35.19,4,91.66
36,1,33.45,3,102.047
25,0,31.72,0,98.173
23,2,27.34,3,92.391
6,1,26.93,3,90.498
5,1,32.51,4,90.43
25,1,24.02,2,92.511
18,2,28.52,3,91.925
13,0,28.1,2,90.036
43,2,34.68,4,99.904
14,2,21.67,4,91.397
18,0,40.74,1,92.424
27,0,34.06,0,100.169
25,0,36.77,4,98.259
28,1,37.58,4,95.539
19,0,27.29,2,92.804
27,2,31.76,4,92.473
15,0,43.91,3,90.948
9,2,39.17,1,91.534
32,1,44.24,1,98.04
20,2,38.66,3,92.572
28,2,24.39,4,92.069
1,0,21.61,0,89.821
4,0,34.44,4,89.775
46,2,28.95,1,98.286
25,0,26.89,0,97.974
34,1,40.18,2,99.464
3,1,29.17,2,90.567
26,0,27.93,4,98.529
8,1,41.25,4,90.573
6,0,41.16,0,89.729
16,2,28.91,0,91.693
24,2,40.81,4,92.717
30,1,41.27,1,96.358
13,0,30.6,2,90.102
13,0,21.66,0,90.093
5,1,20.04,1,90.368
25,2,33.08,4,92.347
20,1,28.6,3,91.513
18,2,44.93,0,92.229
15,0,39.31,3,90.893
18,2,39.03,1,91.669
2,1,43.88,2,90.619
10,0,42.19,1,89.917
12,1,27.95,2,90.426
13,1,24.15,1,90.227
47,2,38.65,0,104.117
11,1,29.46,0,90.598
19,2,31.83,3,92.164
3,0,35.76,1,89.769
39,2,42.7,1,97.319
21,0,30.48,3,95.05
26,2,39.58,4,92.941
14,1,26.71,1,90.313
45,2,37.45,1,99.471
44,2,20.04,1,95.6
24,0,41.79,4,97.702
1,1,20.76,0,90.743
43,2,37.82,3,102.18
22,1,21.16,4,91.063
23,2,26.66,2,91.618
19,2,32.43,2,91.593
18,1,30.5,4,91.065
12,2,24.8,4,91.42
28,1,28.35,0,95.336
28,2,38.19,2,92.707
27,0,36.73,3,100.713
33,1,21.8,1,96.227
19,2,38.68,1,91.628
28,2,21.33,0,92.251
27,0,33.57,0,100.159
37,1,26.5,2,99.867
26,2,34.69,3,93.267
3,0,26.53,3,89.747
34,2,44.62,4,96.271
35,1,27.74,0,99.934
40,2,26.05,1,95.13
16,2,26.96,1,91.293
38,2,42.41,2,97.401
13,2,35.91,1,91.488
23,0,38.27,3,97.196
22,0,42.95,3,96.516
22,1,42.8,0,92.379
16,0,38.47,2,91.206
16,0,24.95,1,90.704
35,1,41.08,0,101.646
13,0,25.09,4,90.121
14,0,38.57,4,90.465
8,1,37.14,1,90.431
22,1,38.97,1,91.419
21,1,33.32,1,91.008
26,2,35.97,3,93.405
40,2,43.83,1,98.003
21,1,22.53,4,90.955
25,1,27.72,1,92.38
1,1,35.28,2,90.682
6,2,44.1,4,91.784
23,2,22.39,2,91.387
19,0,20.56,4,92.83
23,0,21.39,0,96.026
23,1,21.31,4,91.606
32,2,42.7,4,94.881
30,2,38.03,2,92.964
13,2,36.93,2,91.637
18,1,33.06,4,90.994
23,0,39.55,4,96.701
15,1,23.89,3,90.739
1,0,29.8,0,89.92
21,0,32.25,0,94.956
23,1,22.76,1,91.154
27,0,30.49,4,99.417
13,0,27.91,4,90.157
44,2,20.89,4,97.729
18,0,23.42,4,92.291
24,1,39.1,0,93.465
7,1,20.45,2,90.384
18,0,43.36,3,93.179
20,2,22.16,2,91.308
27,2,39.98,2,92.769
6,0,42.47,0,89.813
27,0,43.53,3,101.243
9,1,41.69,4,90.535
21,0,27.19,0,94.767
45,2,28.33,0,100.687
25,0,30.66,3,98.533
31,1,23.48,1,95.395
21,1,20.56,0,91.169
26,1,41.73,2,94.259
13,1,33.85,2,90.529
23,1,35.22,4,92.298
20,0,43.17,0,94.591
5,0,36.63,4,89.569
22,0,37.27,0,95.966
21,0,39.67,3,95.507
28,1,22.91,0,94.813
17,2,29.0,1,91.357
9,0,44.21,2,89.823
2,2,43.07,3,91.825
25,0,42.1,2,98.151
26,0,31.3,4,98.758
41,2,41.43,3,101.461
6,1,21.21,1,90.355
11,0,23.71,2,89.82
25,0,30.35,0,98.103
6,0,32.08,0,89.751
6,2,26.59,0,91.591
11,1,28.91,3,90.582
14,2,24.07,1,91.223
2,2,32.23,1,91.838
3,1,39.85,1,90.655
35,2,36.53,2,95.093
33,1,22.69,3,98.584
24,0,32.19,0,97.364
19,1,37.44,2,91.207
18,0,33.25,1,92.289
24,2,29.79,0,92.394
45,2,35.55,3,103.075
3,0,44.22,4,89.803
1,2,22.37,1,92.05
36,1,29.75,1,98.96
25,0,30.17,1,97.193
45,2,34.42,1,98.849
17,0,23.8,0,91.748
34,1,24.42,3,99.404
25,1,27.13,2,92.71
16,2,43.9,0,92.085
34,1,38.35,3,100.968
19,0,36.54,2,93.34
23,1,40.42,1,92.057
19,0,23.19,3,93.444
25,0,41.48,1,97.926
16,1,34.87,3,91.179
9,2,28.38,4,91.535
1,1,40.4,1,90.686
10,0,40.06,1,89.836
19,0,41.14,1,93.168
33,1,22.89,0,97.943
34,2,44.23,2,95.683
16,2,43.99,1,91.758
12,0,28.94,1,89.94
8,0,21.65,0,89.779
18,2,24.18,0,91.637
34,1,44.82,4,100.534
25,0,34.08,3,98.669
13,0,28.92,1,89.954
6,2,27.21,3,91.729
21,1,26.42,0,91.396
6,2,36.6,0,91.836
32,1,30.48,4,97.58
31,1,44.14,2,97.803
10,1,37.1,0,90.541
25,0,39.8,1,97.82
18,2,27.32,4,91.601
24,2,21.98,2,91.334
9,1,32.2,4,90.422
15,0,27.86,0,90.484
4,0,25.05,2,89.762
40,2,43.82,3,101.162
9,0,31.1,2,89.754
13,0,24.37,1,89.897
9,1,24.97,3,90.51
26,0,27.02,3,99.214
4,1,44.98,1,90.565
17,2,26.7,3,91.825
16,0,28.22,0,91.13
15,2,36.48,2,91.592
35,2,27.35,2,94.018
25,0,25.4,1,96.91
20,0,23.97,0,93.88
5,2,27.82,3,91.748
23,0,22.65,2,95.576
5,1,20.47,2,90.513
20,1,40.12,2,91.371
15,0,23.45,2,90.234
18,2,39.4,4,91.967
15,0,39.94,1,90.429
2,0,33.45,3,89.83
29,2,27.74,3,93.273
13,2,23.63,1,91.308
4,1,38.42,0,90.478
42,2,35.03,1,97.497
10,1,36.39,2,90.501
31,2,20.22,2,91.763
9,0,43.19,1,89.801
8,1,21.66,1,90.259
3,1,29.17,3,90.575
9,1,30.07,3,90.551
21,0,20.03,4,94.181
11,0,32.43,4,90.026
3,0,38.82,2,89.834
5,0,40.58,4,89.721
10,0,41.98,4,89.94
13,1,32.19,0,90.543
4,0,35.77,1,89.675
13,1,21.99,3,90.536
12,0,32.2,4,89.984
37,2,23.87,3,96.46
10,1,29.24,4,90.458
9,2,28.23,4,91.64
7,1,30.59,2,90.421
2,2,34.29,0,91.756
22,0,42.57,1,95.501
24,0,29.86,1,96.443
23,0,44.53,2,96.696
21,1,38.98,2,91.554
23,2,32.79,1,91.604
14,0,36.1,1,90.247
26,2,22.56,0,92.133
5,2,41.11,4,91.729
23,0,34.56,0,96.71
25,0,44.65,1,98.065
31,2,35.91,4,93.749
18,0,40.85,1,92.496
20,0,39.99,0,94.43
12,0,28.64,0,90.08
17,1,26.49,0,90.963
45,2,30.76,4,100.164
2,2,31.68,3,91.927
25,1,26.0,3,93.583
13,2,42.36,1,91.547
26,0,33.56,4,98.926
39,2,44.46,2,98.285
10,0,40.25,3,90.042
6,1,33.89,4,90.458
3,0,43.68,4,89.755
35,2,32.62,3,96.653
18,2,42.18,4,92.085
11,2,28.95,4,91.621
20,1,29.47,3,91.596
5,1,30.45,0,90.46
19,2,33.67,1,91.494
22,0,33.84,2,95.356
19,1,32.41,1,90.784
47,2,27.65,0,101.643
16,2,43.18,0,92.11
24,1,34.71,4,92.898
4,1,30.19,1,90.547
15,1,36.28,0,91.018
25,0,39.2,1,97.739
12,0,44.02,0,90.354
35,2,32.49,2,94.75
14,1,22.8,0,90.64
17,0,31.02,1,91.409
19,1,31.97,4,91.237
38,2,42.42,1,96.732
4,0,29.87,3,89.66
7,0,43.83,1,89.824
19,0,32.13,2,93.091
25,2,44.34,2,92.799
16,1,20.2,2,90.373
15,0,42.47,0,90.815
40,2,43.28,2,98.718
8,1,44.03,1,90.427
18,2,20.33,4,91.382
28,1,24.29,2,94.158
16,2,36.34,1,91.456
19,1,20.64,0,90.921
10,0,21.59,0,89.727
17,1,25.53,4,90.826
45,2,32.81,4,100.552
13,2,33.65,1,91.391
7,1,20.86,4,90.42
27,0,24.26,4,99.041
10,0,32.49,0,89.923
34,1,34.85,1,98.325
36,1,23.71,4,99.422
25,2,29.97,1,91.658
6,0,42.61,2,89.836
24,1,44.97,0,93.732
18,0,44.68,0,93.035
23,1,42.04,0,92.915
6,1,29.87,3,90.47
25,0,37.16,1,97.691
17,1,30.41,2,90.701
24,1,36.21,4,92.908
11,2,27.74,2,91.461
26,1,35.16,1,93.376
34,1,33.09,0,99.887
28,1,20.61,3,95.07
3,2,39.77,1,91.761
11,0,20.3,1,89.666
38,2,27.33,4,96.041
14,2,20.15,2,91.22
19,0,29.41,2,92.927
26,2,21.58,4,91.705
16,0,42.84,3,91.595
21,2,30.39,0,92.079
22,0,31.49,0,95.674
30,1,28.75,3,97.108
8,2,35.69,4,91.6
20,2,39.61,1,91.737
32,2,36.2,2,93.781
22,2,38.71,1,91.84
7,1,42.65,2,90.422
9,2,41.59,1,91.621
1,1,36.85,4,90.7
29,1,25.37,4,95.268
8,1,35.94,3,90.533
4,1,32.65,1,90.523
3,0,37.93,1,89.803
27,0,40.82,3,100.983
3,2,38.57,3,91.768
22,0,41.16,4,96.014
13,0,21.6,4,90.023
40,2,20.79,1,94.323
7,2,26.46,4,91.634
27,2,42.52,4,93.331
1,0,40.59,1,89.956
27,0,37.07,3,100.684
16,2,37.52,1,91.549
7,1,38.17,0,90.561
44,2,43.57,1,100.23
23,1,40.8,0,92.849
11,1,35.58,1,90.43
42,2,36.64,0,100.469
33,2,25.34,0,94.047
36,2,36.43,1,94.979
5,0,30.62,4,89.635
17,1,23.82,2,90.528
3,0,40.16,4,89.734
16,0,32.76,0,91.283
5,2,44.44,1,91.683
16,0,27.04,1,90.728
32,2,32.02,1,92.884
3,1,31.2,1,90.575
47,2,23.02,2,98.519
3,0,30.65,3,89.808
20,0,27.19,0,94.028
14,2,24.01,2,91.307
31,2,27.05,4,92.866
17,0,25.83,3,91.926
24,1,38.35,3,93.726
23,1,20.77,1,91.004
18,2,35.44,2,91.637
14,1,39.02,4,90.815
18,0,32.02,1,92.199
15,2,43.29,1,91.634
15,0,37.7,0,90.68
6,0,38.7,3,89.73
27,1,24.92,4,94.056
15,2,39.43,3,92.026
36,2,40.8,2,96.22
8,1,29.03,0,90.428
15,0,25.33,1,90.149
3,0,29.63,0,89.792
15,0,38.49,1,90.271
13,0,30.44,0,90.251
41,2,38.42,1,97.624
34,2,22.84,3,94.846
24,1,40.15,3,93.818
32,1,26.33,3,98.205
32,2,26.22,3,94.347
30,2,34.76,0,93.634
20,0,21.75,1,93.147
17,0,20.66,3,91.685
13,1,26.53,0,90.549
1,2,33.45,1,91.907
34,1,42.69,0,101.016
15,2,41.16,3,92.041
12,0,32.26,2,90.067
14,1,20.93,0,90.481
29,1,33.38,3,96.702
34,2,37.62,4,95.463
18,0,28.48,1,92.051
7,1,22.78,3,90.508
23,0,26.96,4,95.995
31,1,39.29,0,98.232
25,0,28.78,0,98.081
38,2,40.3,4,97.861
14,1,27.99,4,90.565
8,1,24.09,1,90.35
27,0,30.9,0,99.914
22,0,31.31,4,95.449
2,1,20.4,2,90.576
17,2,22.93,2,91.375
5,0,24.62,4,89.781
14,0,22.84,1,89.946
25,0,28.54,0,98.022
30,1,44.12,2,97.062
29,1,32.73,4,95.887
20,1,35.69,4,91.479
21,1,28.91,3,91.701
22,2,28.09,4,91.895
35,2,20.58,1,92.639
37,1,32.51,2,100.711
16,2,32.09,3,91.845
18,0,23.95,2,92.075
26,0,39.11,2,98.915
17,0,32.32,1,91.511
17,1,28.47,4,90.911
16,0,23.67,1,90.638
2,2,33.8,4,91.879
4,1,38.82,3,90.566
21,2,27.05,1,91.278
7,0,25.47,1,89.61
2,0,33.05,0,89.94
6,0,23.88,1,89.637
17,1,36.67,0,91.24
39,2,35.13,4,97.684
25,1,22.18,4,92.676
5,1,20.91,4,90.47
5,0,35.51,0,89.754
20,1,27.36,4,91.071
16,1,22.16,2,90.401
19,0,38.99,1,93.156
37,1,27.85,0,101.396
8,0,31.49,4,89.721
9,0,25.92,2,89.668
5,0,35.68,1,89.719
10,0,27.54,1,89.629
2,1,44.2,4,90.635
9,0,37.57,2,89.816
11,0,23.42,0,89.996
36,1,30.42,4,100.343
22,1,29.64,1,90.965
22,2,33.36,1,91.627
22,1,41.05,1,91.497
34,1,34.59,4,99.417
29,2,21.54,3,92.754
33,1,36.39,3,100.035
18,1,20.21,3,90.935
7,1,39.5,2,90.461
1,1,36.67,4,90.627
33,2,27.72,1,92.76
1,1,27.31,2,90.703
24,1,39.96,3,93.852
4,2,39.58,0,91.777
4,0,28.81,2,89.683
18,2,27.47,2,91.395
27,0,34.0,4,99.821
43,2,20.21,2,96.286
32,2,22.07,4,92.886
33,1,23.15,0,97.958
10,0,24.64,1,89.707
36,1,32.8,1,99.411
6,0,44.81,3,89.728
16,2,36.32,3,92.086
34,2,21.53,0,94.09
23,0,33.14,1,95.823
24,1,32.42,3,93.337
13,1,23.6,2,90.42
18,1,43.01,4,91.46
13,1,31.02,3,90.73
37,2,44.86,0,98.627
43,2,30.5,1,97.148
39,2,35.2,0,98.494
42,2,22.62,4,97.162
17,2,31.36,4,91.735
15,1,25.97,0,90.723
18,1,40.89,3,91.657
23,1,39.6,3,93.065
30,1,40.6,1,96.298
34,2,38.09,1,94.348
4,2,40.82,2,91.759
3,2,25.02,2,91.759
7,0,31.3,1,89.729
18,1,37.3,2,91.006
7,1,35.93,0,90.5
40,2,37.91,3,100.203
6,1,25.61,2,90.377
22,1,22.46,2,90.876
1,2,42.92,0,91.89
4,0,34.0,4,89.731
14,0,23.85,1,90.01
17,0,39.84,0,92.179
43,2,42.87,4,101.357
29,1,24.24,0,95.512
21,2,40.44,3,92.792
26,2,43.33,0,93.475
14,1,43.46,0,90.967
9,0,42.85,3,90.003
27,0,33.66,1,99.035
47,2,28.91,4,100.877
12,0,20.18,2,89.844
42,2,21.52,1,95.139
6,2,30.72,0,91.731
20,1,29.98,2,91.021
24,1,24.62,3,92.862
27,1,29.89,1,93.65
38,2,24.37,4,95.605
8,1,41.22,1,90.45
1,0,27.45,1,89.9
22,0,34.96,2,95.431
24,2,32.57,3,92.86
47,2,21.3,3,101.379
7,1,43.56,1,90.477
19,2,33.18,3,92.214
22,2,28.13,2,91.557
25,0,23.95,2,97.066
23,0,28.46,4,96.08
35,1,20.51,3,99.629
30,2,29.09,4,92.752
29,2,33.29,0,93.383
22,0,41.8,2,95.713
11,2,37.18,1,91.532
20,0,22.79,2,93.408
29,1,23.69,0,95.517
19,0,30.7,1,92.805
41,2,24.89,3,98.838
34,1,20.7,3,99.072
1,0,40.13,2,89.894
16,0,20.49,1,90.547
18,1,40.77,1,91.033
17,1,23.6,4,90.614
6,0,44.37,0,89.818
14,2,35.1,3,91.868
23,0,38.37,2,96.303
25,1,22.76,1,92.103
15,0,41.55,3,90.865
22,1,40.98,2,91.78
3,1,36.32,3,90.597
19,2,32.56,2,91.588
34,1,38.04,3,100.966
35,1,20.15,4,98.409
1,2,34.81,0,91.962
21,1,41.19,3,92.252
29,2,28.92,0,92.976
6,2,22.71,3,91.669
37,1,30.52,1,99.699
1,1,38.18,4,90.74
19,0,22.68,4,92.858
1,2,25.15,0,91.924
27,0,23.69,1,98.227
21,1,39.92,2,91.55
21,0,21.57,4,94.348
16,2,37.16,1,91.527
12,0,29.16,1,89.934
40,2,38.89,0,99.608
26,1,44.11,1,94.002
16,1,22.86,1,90.363
28,2,27.86,2,91.967
1,1,40.25,0,90.833
36,1,26.65,0,100.453
10,1,25.38,1,90.322
17,1,40.63,2,91.042
23,2,44.68,3,93.37
7,0,33.92,4,89.762
12,0,26.95,0,90.038
7,1,29.96,2,90.361
12,0,24.25,2,89.887
15,0,39.05,1,90.41
34,1,39.34,4,100.009
4,1,41.88,0,90.541
14,0,20.67,3,90.293
14,2,34.05,1,91.372
16,1,25.36,0,90.726
7,2,28.52,0,91.676
19,0,39.62,2,93.344
2,1,24.8,4,90.664
10,2,35.96,3,91.68
17,1,36.36,4,91.007
5,0,43.85,2,89.713
12,2,39.38,3,91.835
6,0,40.09,3,89.813
22,0,33.29,1,95.077
32,1,24.67,3,97.947
41,2,30.64,0,98.871
20,0,33.74,4,94.063
1,0,36.96,4,89.933
47,2,35.19,1,100.052
21,0,29.85,3,95.122
26,0,26.63,2,98.148
6,2,24.21,0,91.645
19,2,37.35,1,91.626
18,2,36.13,3,92.269
6,2,37.18,2,91.699
33,1,29.31,3,99.222
23,2,26.56,1,91.356
23,1,38.99,2,92.254
26,1,39.34,2,94.135
13,1,31.39,2,90.585
7,0,35.3,2,89.85
15,1,29.34,3,90.901
27,1,37.55,2,94.636
26,0,40.89,3,100.101
1,0,37.21,2,89.956
15,0,32.81,2,90.385
36,2,31.47,1,94.398
13,0,36.06,3,90.339
23,0,37.0,3,97.094
27,1,33.97,4,94.636
25,0,35.62,1,97.502
5,2,22.41,3,91.622
2,0,43.79,1,89.809
33,2,39.77,1,94.038
16,0,29.35,1,90.813
23,0,34.07,0,96.676
6,0,21.18,3,89.763
23,0,21.03,1,95.148
16,2,26.27,0,91.551
14,2,37.24,0,91.833
29,1,41.3,2,96.143
26,2,33.98,2,92.214
3,0,33.3,3,89.753
15,1,30.06,2,90.622
3,1,24.04,3,90.562
23,1,22.96,0,91.887
2,0,39.02,0,89.923
33,2,43.19,3,96.631
9,0,31.46,2,89.758
23,1,36.49,2,91.996
7,0,42.86,3,89.817
3,0,22.25,4,89.768
32,2,39.26,2,94.134
31,2,35.42,1,92.656
18,1,34.97,2,91.039
11,0,27.31,4,89.918
7,0,37.1,0,89.715
41,2,39.87,0,100.449
1,0,22.82,0,89.896
14,0,33.34,2,90.15
20,0,22.53,0,93.779
32,2,41.81,4,94.847
6,1,32.69,4,90.471
10,1,40.2,2,90.534
7,0,29.2,1,89.718
26,1,23.13,2,92.92
34,2,21.04,0,94.067
30,2,27.04,2,92.003
36,1,26.11,4,99.721
21,1,34.01,2,91.289
17,0,20.54,2,91.36
33,1,33.01,1,97.483
10,0,29.79,4,89.828
19,0,34.43,3,93.639
47,2,37.56,3,104.918
42,2,35.85,4,99.353
12,2,44.62,3,91.839
16,2,23.46,0,91.521
32,1,30.74,3,98.694
15,2,30.62,0,91.756
27,1,30.43,4,94.517
28,2,36.59,3,93.817
17,1,32.25,3,91.189
14,0,32.94,0,90.422
2,1,30.81,0,90.636
36,1,44.79,2,101.526
7,2,43.19,1,91.643
13,1,27.69,3,90.699
15,0,22.79,1,90.021
25,0,40.99,1,97.86
23,2,44.93,3,93.362
22,0,27.32,0,95.498
26,1,28.94,2,93.348
1,0,43.54,4,89.934
11,2,37.78,3,91.809
10,1,27.39,3,90.57
25,2,34.53,4,92.457
37,1,43.61,1,101.43
16,0,40.3,2,91.197
43,2,38.55,1,98.666
38,2,38.42,4,97.575
24,1,24.45,4,92.273
40,2,40.62,2,98.359
33,1,26.9,4,97.89
17,1,43.26,4,91.216
24,1,29.12,2,92.271
37,1,41.44,3,103.939
25,0,26.66,1,96.96
2,1,32.86,3,90.686
32,2,22.67,3,93.806
25,0,36.5,1,97.618
24,2,40.9,3,93.271
9,0,37.96,2,89.865
4,1,33.08,1,90.453
17,0,21.13,0,91.692
17,0,43.34,3,92.391
30,2,37.64,4,93.453
40,2,38.65,1,97.16
11,1,39.87,0,90.712
21,0,38.69,4,95.022
21,0,31.03,0,94.878
18,0,38.34,3,93.118
29,1,35.63,4,96.075
24,1,41.35,3,93.864
10,1,40.06,4,90.598
17,1,21.03,1,90.267
18,1,29.47,2,90.804
42,2,20.87,2,95.949
16,0,22.55,0,90.936
20,0,35.04,4,94.118
5,0,41.85,3,89.749
13,0,23.0,1,89.93
18,0,31.28,1,92.215
17,0,42.77,1,91.859
9,0,40.36,2,89.73
14,0,32.99,3,90.543
29,2,39.29,1,92.526
4,0,33.07,1,89.769
18,2,23.95,0,91.652
20,1,23.12,4,90.899
24,0,24.71,4,96.669
9,1,28.77,4,90.407
13,1,43.26,0,90.801
15,1,39.99,2,90.739
27,2,30.82,0,92.799
15,1,32.33,1,90.593
28,1,26.64,3,95.548
37,1,37.61,1,100.712
23,0,40.07,1,96.26
19,0,25.97,3,93.398
26,2,21.05,4,91.658
26,2,35.6,0,92.982
25,0,34.06,2,97.713
26,2,30.05,1,91.654
26,0,36.1,1,98.335
28,1,33.77,2,95.0
18,1,26.26,0,90.958
32,2,29.94,1,92.655
21,0,30.7,2,94.52
3,0,42.01,1,89.81
2,2,44.02,4,91.941
1,0,42.33,4,89.9
19,1,37.98,1,91.009
17,2,34.62,1,91.507
44,2,37.23,4,100.886
1,0,43.48,1,89.818
12,2,26.25,0,91.557
17,0,33.38,0,92.042
24,0,37.24,3,97.97
3,0,36.98,0,89.885
11,0,26.31,1,89.769
17,0,34.67,1,91.628
26,2,39.9,2,92.695
35,1,31.88,0,100.436
8,1,39.83,4,90.572
36,2,29.0,4,95.355
7,2,43.47,3,91.756
36,1,33.35,2,100.029
16,1,34.9,4,90.949
24,1,20.78,3,92.623
1,1,24.26,0,90.706
25,1,35.82,2,93.302
10,0,30.5,2,89.787
16,2,32.7,1,91.447
16,0,21.57,0,90.986
8,1,40.85,2,90.469
29,1,39.61,3,97.257
28,1,24.63,4,94.519
6,0,35.86,0,89.772
16,0,40.46,0,91.503
20,1,36.02,2,91.212
16,0,27.76,2,90.869
7,0,36.4,2,89.769
14,1,25.26,3,90.708
11,0,27.96,1,89.787
26,2,26.0,2,91.634
26,2,33.92,1,91.872
14,2,22.71,1,91.183
7,2,43.33,0,91.671
33,1,28.34,4,98.0
26,1,25.47,4,93.515
20,1,32.41,3,91.63
3,2,26.92,3,91.811
4,2,33.37,4,91.73
26,0,28.71,4,98.629
11,0,23.3,0,89.947
2,2,26.65,0,91.793
14,2,30.96,4,91.557
44,2,20.76,2,96.698
30,2,39.27,2,93.106
17,0,35.55,0,92.107
12,2,35.03,1,91.481
26,0,33.65,4,98.883
44,2,34.76,3,102.362
33,2,43.37,2,94.924
13,2,20.21,1,91.204
14,0,21.19,2,90.008
24,0,24.79,1,96.113
34,1,24.18,4,98.07
44,2,24.53,4,98.414
26,1,36.8,4,94.263
21,1,31.49,0,91.571
16,0,44.79,1,91.09
4,0,25.67,3,89.711
2,1,27.77,3,90.635
42,2,44.61,4,100.985
9,0,40.79,3,89.859
23,2,31.74,2,91.849
15,2,33.86,1,91.501
13,1,41.08,1,90.626
23,1,32.02,1,91.679
17,1,25.15,2,90.514
2,1,40.71,0,90.692
20,0,33.44,2,93.791
20,0,23.83,1,93.293
3,1,32.64,1,90.536
23,0,30.33,1,95.703
12,1,41.92,3,90.904
40,2,23.15,0,97.151
2,2,41.88,2,91.811
36,2,32.81,1,94.467
14,1,30.11,4,90.659
16,2,24.05,0,91.658
19,0,37.52,4,93.461
34,2,43.17,0,96.601
44,2,29.38,1,97.403
46,2,26.04,0,100.768
6,0,33.87,0,89.733
13,1,39.9,1,90.512
4,0,20.09,4,89.773
22,1,35.78,4,91.856
18,1,34.91,3,91.517
12,2,27.95,4,91.406
30,1,31.29,4,96.424
21,0,26.17,0,94.729
19,0,39.75,3,93.849
7,1,35.86,1,90.321
32,2,33.32,1,92.934
19,2,29.81,2,91.574
6,0,27.28,3,89.677
20,2,40.57,0,92.484
27,1,31.29,2,94.169
37,1,32.54,2,100.686
16,0,33.02,1,90.829
7,1,31.21,4,90.432
27,0,26.4,0,99.635
5,1,23.01,3,90.528
11,0,22.46,2,89.742
15,2,38.94,0,91.873
3,1,25.59,1,90.53
5,1,21.39,2,90.439
23,0,39.94,2,96.433
21,0,23.85,1,93.903
37,1,35.63,1,100.394
9,0,28.47,1,89.697
15,1,23.16,0,90.7
3,2,30.36,0,91.707
6,0,20.37,0,89.75
17,1,41.03,4,91.141
26,2,32.84,2,92.233
21,2,23.48,0,91.83
8,1,25.92,4,90.433
21,0,31.2,2,94.476
11,1,24.72,0,90.575
38,2,26.71,1,94.494
8,1,33.36,3,90.593
10,0,40.82,0,89.979
24,2,30.05,3,92.71
35,1,37.92,0,101.266
23,0,41.92,1,96.256
14,2,25.41,3,91.697
23,0,40.18,4,96.7
14,2,38.94,1,91.567
10,1,28.92,3,90.634
12,0,44.74,3,90.334
38,2,26.56,1,94.482
12,0,26.37,1,89.786
23,0,39.31,1,96.153
34,1,30.87,2,98.451
9,0,28.27,4,89.76
10,2,24.47,0,91.623
17,2,39.13,3,92.229
17,2,39.66,0,92.009
3,2,34.16,1,91.802
31,1,43.93,4,98.308
19,0,27.95,4,93.122
1,1,25.49,2,90.728
12,0,36.94,1,89.965
7,0,38.96,3,89.805
4,0,25.62,2,89.722
13,1,21.92,1,90.132
2,0,40.26,2,89.859
21,1,44.41,0,92.241
22,2,36.12,1,91.709
4,2,26.95,3,91.759
18,0,44.92,3,93.279
5,1,42.33,1,90.534
19,2,32.83,2,91.666
2,1,40.63,4,90.673
12,1,40.4,1,90.46
17,0,43.37,3,92.381
10,2,41.02,0,91.732
2,0,36.09,3,89.829
6,0,35.23,4,89.646
8,2,31.68,3,91.676
11,2,35.66,4,91.548
12,1,39.88,1,90.645
9,2,44.23,3,91.651
2,1,31.68,2,90.643
8,1,34.34,2,90.372
11,1,31.12,3,90.656
36,2,36.71,3,97.602
10,0,35.75,0,90.008
21,1,20.45,3,91.394
20,0,33.53,0,94.188
16,0,22.21,0,90.968
8,2,20.66,0,91.539
4,0,39.78,0,89.756
10,0,26.47,1,89.705
12,2,28.52,2,91.487
14,1,21.6,0,90.563
16,0,24.49,2,90.776
21,2,39.14,0,92.441
22,0,32.34,2,95.244
21,0,42.02,3,95.636
30,1,29.93,3,97.134
7,0,26.72,2,89.78
20,2,28.69,0,91.948
24,0,37.82,1,96.88
23,1,33.88,2,91.89
7,1,42.6,4,90.434
9,2,35.05,1,91.467
1,1,32.33,4,90.689
26,0,39.64,2,98.886
22,1,43.69,0,92.329
44,2,28.9,4,99.276
10,1,26.25,2,90.319
6,1,35.41,1,90.439
17,1,32.47,0,91.105
38,2,44.73,4,98.588
24,1,31.56,2,92.424
10,1,21.86,0,90.436
24,0,44.43,0,98.164
8,2,41.09,3,91.74
21,1,24.46,0,91.363
6,2,42.62,2,91.566
21,1,28.52,1,90.825
24,1,29.43,3,93.154
33,1,42.66,2,99.048
27,0,33.25,2,99.375
18,0,23.44,2,92.059
24,0,29.23,4,96.991
28,2,38.05,4,93.109
32,2,24.35,1,92.011
12,0,34.76,2,90.093
42,2,37.38,4,99.781
27,1,28.6,4,94.285
10,1,37.35,4,90.492
32,1,42.11,1,97.686
10,0,31.8,1,89.761
26,2,29.57,2,91.945
25,0,26.28,3,98.169
11,2,35.11,2,91.545
23,1,42.0,4,92.657
2,0,28.12,4,89.747
40,2,29.91,0,98.191
23,2,30.17,2,91.778
29,1,34.02,4,95.962
7,0,25.71,4,89.776
8,0,40.56,3,89.859
1,0,27.39,0,89.889
21,1,37.63,2,91.56
2,0,32.83,1,89.769
18,1,34.65,2,90.92
33,1,24.49,2,97.093
37,1,38.38,3,103.571
34,2,24.72,2,93.384
20,0,22.84,3,93.961
3,0,33.67,3,89.87
18,1,37.73,4,91.236
24,1,21.25,1,91.487
8,0,21.73,3,89.718
30,1,40.07,0,97.61
12,0,40.23,0,90.351
10,2,26.13,1,91.422
23,1,35.38,3,92.96
20,0,31.08,1,93.587
11,1,35.82,4,90.483
2,0,41.57,0,89.911
26,0,22.0,2,97.72
26,1,39.45,0,94.724
36,2,32.33,3,97.067
1,0,34.1,1,89.906
15,0,36.35,0,90.713
13,0,43.07,2,90.298
40,2,21.42,2,95.221
25,2,20.74,1,91.069
4,1,24.46,1,90.479
42,2,44.66,0,101.832
19,1,37.88,3,91.744
18,1,35.37,4,91.135
37,2,21.18,2,94.051
30,1,41.98,1,96.465
19,2,40.32,4,92.107
23,1,36.62,4,92.483
16,2,28.48,4,91.59
1,2,21.76,3,91.901
12,1,34.5,1,90.462
24,0,37.99,2,97.164
34,1,22.36,1,96.864
8,2,35.84,0,91.598
18,0,27.16,2,92.15
5,1,39.11,1,90.538
26,1,33.49,2,93.614
30,1,23.23,0,96.084
22,0,33.16,2,95.341
13,2,29.89,4,91.62
19,1,24.51,3,91.214
29,1,41.04,0,97.002
3,1,20.28,2,90.56
26,1,27.8,0,93.858
12,1,20.31,4,90.375
2,2,22.4,3,91.852
11,2,27.43,0,91.594
28,1,21.36,4,94.282
18,0,34.92,4,92.586
13,2,22.17,4,91.479
5,0,37.54,2,89.702
22,2,21.32,1,90.934
12,1,21.48,0,90.486
2,2,27.63,1,91.892
37,1,42.41,4,102.742
7,2,36.03,1,91.561
26,1,39.25,4,94.404
26,1,23.54,4,93.368
24,1,40.85,3,93.857
12,1,20.2,3,90.54
16,0,25.33,1,90.739
23,1,35.4,0,92.553
8,0,29.38,1,89.562
9,0,44.6,0,90.0
32,1,20.76,1,95.534
15,0,44.96,2,90.628
37,2,35.59,2,96.053
13,1,33.97,0,90.712
5,0,21.49,3,89.751
11,1,26.83,0,90.62
10,1,43.12,1,90.509
13,1,28.86,4,90.504
9,0,36.54,2,89.729
46,2,44.99,4,103.731
15,2,26.58,2,91.402
10,0,34.4,1,89.725
7,1,37.41,2,90.51
8,0,24.12,0,89.775
3,0,23.72,4,89.77
15,0,31.41,4,90.554
36,1,29.65,1,98.997
21,0,37.86,4,94.945
6,1,21.74,1,90.451
1,0,44.3,3,89.924
4,2,20.36,0,91.823
11,0,35.03,2,89.976
12,0,34.07,2,90.035
26,2,23.37,2,91.521
37,1,23.77,3,101.457
23,1,39.82,0,92.798
21,0,42.19,4,95.196
45,2,27.08,4,99.327
27,1,30.95,0,94.837
7,0,28.87,0,89.698
40,2,21.81,2,95.271
13,1,36.83,4,90.71
23,1,40.63,0,92.839
16,2,27.62,4,91.579
30,2,44.75,0,94.535
4,2,21.9,1,91.654
40,2,36.54,2,97.691
16,0,31.21,0,91.282
31,2,31.17,3,94.306
25,1,31.44,0,93.685
12,1,26.47,1,90.297
26,0,37.89,3,99.758
37,1,38.04,3,103.436
33,1,27.06,0,98.492
28,2,40.88,1,92.569
9,1,27.92,3,90.429
12,0,38.13,2,89.985
5,2,23.02,2,91.729
28,2,24.22,4,92.081
24,0,27.89,4,96.85
35,2,34.85,1,94.45
5,2,36.14,3,91.86
2,0,29.91,2,89.884
46,2,21.95,2,97.802
2,0,29.34,1,89.856
13,0,37.22,3,90.47
14,1,36.77,1,90.653
11,1,24.0,0,90.415
42,2,20.19,2,95.785
38,2,38.82,1,96.242
4,0,22.66,1,89.737
33,2,22.06,0,93.829
7,0,20.07,4,89.688
24,0,30.82,2,96.786
41,2,32.58,1,96.69
8,0,35.94,2,89.751
37,1,27.4,4,100.623
10,2,37.76,1,91.531
15,1,24.23,0,90.638
38,2,40.8,2,97.22
15,0,34.3,0,90.64
5,2,34.6,4,91.675
29,1,25.24,4,95.308
19,0,21.85,2,92.701
10,2,31.62,4,91.634
12,2,35.39,3,91.703
4,2,22.38,2,91.655
31,1,43.76,3,99.174
18,1,44.51,4,91.479
16,2,33.64,2,91.557
8,0,43.75,3,89.891
4,0,24.49,4,89.777
25,1,20.64,1,91.958
23,0,20.99,1,95.153
12,1,34.69,0,90.687
34,2,21.54,1,92.327
36,1,43.96,3,103.375
37,1,23.55,1,98.753
3,2,27.62,2,91.811
9,0,40.56,2,89.875
18,1,25.47,2,90.702
35,1,26.07,1,97.866
34,2,36.06,1,94.118
9,0,26.9,0,89.829
14,1,25.44,4,90.565
4,2,26.35,0,91.706
29,1,32.27,3,96.68
41,2,44.15,2,99.434
13,0,40.81,1,90.153
18,0,27.12,4,92.369
15,0,29.08,4,90.498
10,0,31.61,1,89.72
16,1,44.47,0,91.326
12,1,24.31,4,90.502
20,0,28.94,0,94.099
5,0,38.24,1,89.681
2,0,44.1,0,89.926
1,1,23.89,2,90.698
7,0,25.68,1,89.681
26,0,25.64,1,97.681
17,0,20.52,4,91.464
27,2,35.1,4,92.791
24,0,36.77,4,97.48
35,2,35.06,2,95.008
46,2,21.78,2,97.828
10,0,21.73,3,89.858
39,2,25.26,1,94.665
26,0,27.26,4,98.399
23,1,39.66,1,91.994
22,1,23.98,0,91.422
4,1,21.1,2,90.489
9,1,29.85,3,90.467
4,2,30.41,0,91.707
7,0,31.27,1,89.659
23,0,40.67,2,96.556
2,0,22.45,4,89.756
24,1,37.6,0,93.23
31,1,28.45,2,96.178
15,0,27.75,1,90.094
31,1,43.31,1,97.246
15,0,26.21,0,90.422
8,0,36.06,0,89.796
16,0,26.88,0,91.104
19,0,32.68,3,93.532
11,0,39.66,4,90.088
2,0,42.04,2,89.902
23,0,40.97,1,96.231
24,1,34.55,1,92.299
17,0,26.22,4,91.653
26,0,36.53,0,99.372
16,1,37.75,0,91.072
13,1,20.27,1,90.315
15,1,30.98,4,90.709
27,0,41.08,1,99.587
4,2,32.24,0,91.713
16,2,27.78,2,91.41
30,1,41.79,0,97.794
44,2,23.9,2,97.264
30,1,25.16,3,96.796
4,0,37.18,4,89.667
3,2,28.81,3,91.768
22,0,37.83,0,95.961
22,2,23.94,4,91.707
18,0,26.31,0,92.495
12,2,23.92,4,91.442
23,0,43.82,4,96.948
21,0,30.14,0,94.945
4,2,28.43,0,91.752
12,0,20.36,4,89.942
26,0,23.84,4,98.215
23,0,30.53,0,96.441
20,2,21.71,0,91.68
15,2,32.77,1,91.39
23,0,31.38,1,95.775
16,0,39.18,1,91.035
37,2,36.5,3,98.185
21,2,31.15,4,91.802
15,0,25.62,2,90.195
17,0,38.17,3,92.27
18,0,37.7,4,92.762
37,1,23.83,2,99.514
13,2,42.87,1,91.601
19,1,21.61,2,90.511
30,2,21.38,0,92.402
45,2,24.68,0,99.982
18,2,42.74,4,92.097
14,2,33.0,3,91.767
36,2,39.7,1,95.475
36,2,25.7,4,94.817
20,2,32.26,1,91.485
19,1,28.96,0,91.246
13,0,40.7,3,90.493
12,0,20.57,3,89.97
7,1,26.1,0,90.398
4,1,23.81,2,90.475
34,1,41.48,3,101.42
2,1,31.69,2,90.649
5,2,30.11,1,91.643
23,0,31.24,3,96.811
10,2,44.3,0,91.705
10,0,41.26,2,89.949
9,0,37.66,1,89.792
13,1,27.26,1,90.333
39,2,24.13,3,97.523
5,1,43.04,3,90.528
10,2,30.58,4,91.606
10,0,26.97,4,89.83
27,1,31.77,3,95.227
21,1,42.95,4,91.858
8,0,29.68,0,89.803
1,0,34.07,0,89.937
17,0,40.07,4,92.021
14,1,30.68,3,90.806
21,2,25.84,0,91.895
30,1,44.86,1,96.63
21,2,43.91,3,92.922
9,1,41.09,2,90.403
17,1,37.21,2,90.859
5,0,27.37,3,89.705
31,2,42.84,4,94.386
19,1,26.89,0,91.166
36,1,40.02,0,102.249
18,0,42.96,3,93.267
1,0,35.08,1,89.913
13,2,40.08,4,91.732
14,1,39.79,1,90.556
33,2,24.83,3,94.539
29,1,36.7,3,97.023
43,2,22.34,1,95.67
17,0,32.7,2,91.704
36,1,24.06,3,100.877
44,2,30.41,4,99.479
10,0,40.82,1,89.943
6,0,44.68,2,89.666
1,2,27.95,1,91.941
7,1,33.3,2,90.369
27,1,32.78,2,94.254
21,0,43.86,4,95.186
28,1,31.96,3,95.793
16,1,37.48,2,90.839
23,1,43.04,3,93.252
20,0,29.33,4,93.929
20,2,42.55,3,92.706
25,1,42.94,0,94.271
5,0,43.27,2,89.706
24,0,26.76,4,96.97
21,2,30.01,1,91.379
18,1,41.76,4,91.369
6,1,28.98,2,90.456
29,2,35.01,4,93.072
19,2,22.95,1,91.151
1,0,21.41,0,89.895
1,0,30.3,2,89.82
45,2,34.47,2,99.889
3,1,29.82,4,90.579
10,0,34.44,3,90.001
21,0,32.88,3,95.245
35,1,37.14,1,99.217
9,0,36.24,0,89.849
3,1,30.61,0,90.63
25,1,30.62,4,93.21
20,1,23.52,4,90.916
44,2,32.83,3,101.911
45,2,34.68,0,101.977
34,2,31.91,0,95.315
21,1,28.14,0,91.585
23,1,38.04,1,91.939
6,2,21.87,1,91.52
19,0,42.86,4,93.611
13,1,20.52,3,90.601
17,0,44.06,2,91.988
23,0,31.56,3,96.807
9,1,30.32,1,90.406
17,1,26.41,1,90.523
2,0,20.25,4,89.804
19,0,26.87,2,92.862
19,2,22.73,0,91.667
7,2,36.5,2,91.686
20,1,27.98,2,90.864
9,2,39.18,2,91.615
17,2,25.17,4,91.515
27,2,42.51,1,92.529
47,2,33.07,0,102.917
2,0,22.86,2,89.879
36,1,30.02,0,101.016
19,2,25.17,2,91.448
17,0,24.99,1,91.323
5,0,32.66,0,89.763
7,0,36.8,3,89.815
18,2,42.79,1,91.739
7,2,32.55,0,91.583
17,1,44.15,2,91.142
39,2,43.54,2,98.207
36,2,41.63,1,95.65
8,0,32.5,1,89.691
4,1,23.52,2,90.598
38,2,25.45,0,96.37
25,2,36.19,3,93.231
5,0,30.54,4,89.756
12,0,23.67,1,89.837
4,2,31.97,2,91.662
24,1,20.44,0,92.33
29,1,38.35,1,95.459
9,0,21.84,0,89.777
4,0,35.73,1,89.673
24,2,39.83,2,92.393
14,0,23.32,0,90.189
5,2,32.97,2,91.668
18,1,39.48,0,91.498
19,1,26.52,1,90.631
12,2,24.07,4,91.465
18,0,28.42,4,92.333
17,1,33.87,3,91.277
24,0,34.38,3,97.844
11,1,23.27,2,90.229
35,2,31.44,0,95.794
23,2,26.71,3,92.312
17,2,41.05,1,91.608
1,1,27.84,4,90.659
15,0,40.97,0,90.664
9,0,30.71,4,89.774
15,0,38.16,0,90.658
28,1,32.75,3,96.049
24,1,35.55,3,93.486
35,1,29.88,2,98.925
22,1,39.21,0,92.09
27,1,30.63,1,93.675
19,0,31.44,3,93.649
12,1,32.94,2,90.56
20,1,40.8,3,92.014
1,0,36.48,4,89.906
21,1,28.73,3,91.756
17,0,36.76,0,92.045
13,0,36.06,2,90.173
1,2,43.28,0,92.044
10,2,41.04,1,91.599
47,2,36.19,1,100.266
32,2,28.54,3,94.565
22,1,39.49,2,91.744
18,2,34.38,2,91.661
16,0,44.63,2,91.264
32,1,26.19,2,96.643
27,2,21.99,3,92.488
18,0,21.75,0,92.335
29,1,36.0,3,96.918
18,1,43.48,0,91.541
44,2,20.05,4,97.455
8,1,38.14,4,90.449
22,0,36.43,0,95.987
31,1,38.31,3,98.688
2,0,28.89,1,89.852
7,1,40.51,3,90.521
36,2,21.12,1,93.015
18,0,38.89,3,93.163
9,1,26.68,2,90.332
9,1,31.92,2,90.491
8,1,40.57,4,90.427
19,0,26.78,4,92.967
3,0,24.63,0,89.769
18,0,37.03,1,92.356
5,2,33.33,2,91.627
14,2,32.86,3,91.802
4,0,26.42,0,89.758
20,1,20.87,3,91.186
25,2,30.26,2,91.942
12,0,22.66,2,89.903
2,1,42.65,2,90.707
43,2,21.03,2,96.303
14,1,30.79,3,90.791
22,1,21.31,0,91.295
31,1,22.39,2,95.67
23,1,36.47,4,92.366
20,2,36.18,0,92.285
38,2,20.83,4,95.12
4,2,20.03,3,91.692
15,0,21.97,2,90.062
24,2,39.07,0,92.845
25,1,34.61,2,93.119
1,2,20.95,2,91.964
7,1,32.2,0,90.482
25,0,37.8,2,98.034
31,1,41.72,2,97.457
12,1,43.35,1,90.574
5,1,28.19,1,90.471
12,0,23.4,0,90.061
42,2,25.92,0,98.556
38,2,39.4,2,97.026
12,0,44.29,4,90.305
18,1,31.66,0,91.169
2,2,27.63,2,91.86
10,0,30.73,4,89.881
15,2,27.62,1,91.226
12,0,26.41,0,90.046
17,1,34.84,2,90.793
4,2,20.39,1,91.7
7,0,26.49,3,89.734
41,2,36.53,1,97.296
31,2,20.8,2,91.85
39,2,22.08,4,95.704
34,2,27.33,3,95.321
6,0,41.95,3,89.73
34,1,39.12,3,101.151
12,0,20.55,0,89.958
15,0,32.54,2,90.286
14,0,26.87,3,90.38
6,1,36.22,1,90.437
37,2,38.04,4,96.97
32,2,41.57,2,94.265
3,2,31.89,1,91.83
3,1,44.86,0,90.722
22,2,44.5,3,93.135
22,1,42.05,1,91.514
10,2,34.37,2,91.533
3,2,29.95,1,91.789
12,0,29.11,0,90.122
29,1,20.3,4,94.84
16,0,26.23,3,91.304
17,0,37.97,2,91.842
7,0,35.09,3,89.791
13,1,42.91,3,90.852
2,1,21.25,3,90.592
4,2,23.88,1,91.642
10,0,39.73,1,89.805
39,2,28.96,4,96.688
24,0,22.96,0,96.824
17,1,44.91,2,91.2
6,1,39.68,1,90.361
19,1,30.22,3,91.434
5,0,40.58,0,89.795
32,1,37.02,2,97.743
10,0,39.75,2,89.964
9,2,40.38,2,91.577
27,0,22.12,2,98.645
13,2,35.57,4,91.567
19,0,20.17,2,92.7
21,2,21.09,0,91.646
24,1,42.6,1,92.83
38,2,33.19,0,97.573
4,1,38.4,3,90.613
24,1,40.96,4,93.303
35,2,43.74,4,96.642
3,0,41.73,3,89.847
4,0,32.08,0,89.746
25,0,28.4,0,97.952
5,0,23.86,3,89.748
8,0,30.01,2,89.661
35,1,29.16,2,98.84
24,0,33.99,1,96.605
25,1,36.64,0,93.934
13,1,44.46,0,90.839
4,1,38.21,3,90.496
46,2,36.09,3,103.879
14,2,28.38,2,91.401
13,1,20.86,0,90.514
27,2,27.2,0,92.598
6,0,39.21,4,89.784
17,0,25.13,1,91.325
36,1,37.8,1,100.0
8,0,34.49,2,89.732
35,1,24.3,0,99.524
17,1,26.54,4,90.816
9,0,32.41,0,89.841
2,2,30.46,3,91.885
25,0,39.46,2,98.029
13,0,38.36,1,90.151
2,1,34.36,0,90.657
28,1,40.56,2,95.376
26,1,34.07,1,93.43
22,1,44.11,0,92.345
47,2,25.43,4,99.948
43,2,37.85,2,99.501
3,2,29.25,0,91.815
35,1,26.97,1,97.931
12,1,24.51,1,90.307
24,1,33.81,4,92.886
5,2,25.39,2,91.677
20,1,25.01,2,90.922
7,0,44.76,0,89.771
7,0,40.04,1,89.605
13,1,38.71,1,90.467
9,0,39.85,4,89.754
25,0,44.22,4,98.808
45,2,34.33,2,99.852
12,1,25.51,1,90.4
13,1,41.56,0,90.822
10,2,38.57,3,91.69
1,0,30.36,0,89.823
25,0,31.84,4,97.908
16,1,30.28,0,90.945
13,0,43.25,1,90.18
35,2,28.59,2,94.122
3,2,44.09,3,91.846
5,1,42.76,2,90.549
26,2,35.76,3,93.325
11,2,34.5,3,91.686
7,1,29.25,1,90.301
10,2,20.46,1,91.386
42,2,23.19,4,97.19
34,2,38.86,4,95.416
3,0,31.79,3,89.713
8,1,23.75,4,90.42
31,1,26.6,1,95.591
11,1,43.7,4,90.584
13,0,29.18,3,90.294
7,0,42.69,2,89.712
2,1,27.62,0,90.611
6,0,33.58,4,89.705
32,1,20.51,1,95.641
20,0,33.05,2,93.906
34,2,35.92,1,93.956
16,2,25.86,4,91.507
25,1,34.47,3,94.019
12,0,36.18,0,90.132
7,0,37.17,0,89.683
39,2,39.41,2,97.531
17,2,27.78,0,91.672
13,0,34.19,3,90.428
11,0,44.54,1,89.941
6,0,42.45,3,89.69
23,0,43.82,2,96.663
27,0,29.65,2,99.098
14,0,39.67,0,90.54
6,1,35.5,3,90.544
6,0,22.07,1,89.703
2,2,40.6,3,91.848
22,1,36.93,1,91.347
20,0,24.97,1,93.286
25,2,21.99,3,92.337
15,1,40.93,4,90.86
29,2,21.97,3,92.82
8,0,22.28,1,89.645
5,0,30.69,2,89.654
17,0,23.37,2,91.531
20,0,42.84,0,94.546
33,1,31.76,2,97.883
22,1,34.23,4,91.639
47,2,43.2,1,101.808
5,0,33.26,3,89.846
39,2,28.84,3,98.287
18,1,39.93,4,91.278
6,0,31.07,2,89.738
22,0,27.96,1,94.802
37,1,38.08,2,101.446
30,1,40.04,0,97.608
31,1,39.79,2,97.295
10,1,44.44,0,90.73
15,1,39.67,3,91.192
10,0,39.25,1,89.8
18,1,41.44,0,91.546
23,0,20.0,2,95.344
1,0,29.06,2,89.931
16,1,38.44,3,91.242
35,1,34.99,4,100.283
2,0,24.44,4,89.848
28,1,27.59,2,94.334
2,1,28.42,4,90.692
30,1,34.2,1,95.706
13,2,40.79,4,91.709
9,0,43.31,1,89.817
16,2,38.75,2,91.683
5,1,41.07,2,90.592
28,2,31.75,2,92.29
20,1,29.74,3,91.533
24,2,29.82,4,92.049
27,1,35.4,0,95.072
30,2,23.11,0,92.628
45,2,34.49,2,99.88
27,2,36.63,4,92.826
26,0,30.97,1,98.114
7,2,43.83,0,91.729
10,0,35.21,2,89.861
5,1,25.5,0,90.496
23,2,31.98,0,92.313
28,1,36.89,0,95.952
34,1,28.09,2,98.078
15,2,21.99,2,91.338
26,0,34.59,3,99.664
31,2,43.7,3,95.458
19,1,32.13,3,91.507
9,1,42.65,0,90.661
29,2,40.88,4,93.471
22,0,23.69,2,94.838
26,0,37.7,3,99.9
4,1,30.89,4,90.604
3,1,26.26,3,90.578
24,0,37.17,3,97.95
29,2,38.57,4,93.31
11,1,24.5,3,90.458
1,0,42.86,0,90.01
11,1,38.78,0,90.635
27,2,43.33,0,93.751
1,0,27.93,1,89.931
21,1,43.48,3,92.445
39,2,29.21,1,95.242
31,1,21.35,2,95.566
38,2,39.07,4,97.766
46,2,37.59,2,100.984
2,0,34.95,1,89.906
27,2,32.25,0,93.007
36,1,20.8,3,100.405
11,2,35.61,3,91.686
47,2,30.42,0,102.312
18,0,34.01,3,92.898
1,2,30.73,4,91.931
35,2,44.15,4,96.732
35,1,35.1,4,100.18
7,0,38.73,2,89.752
1,0,43.41,0,89.837
25,0,34.79,4,98.002
43,2,20.3,1,95.307
6,0,20.86,4,89.725
20,2,37.56,2,91.877
3,2,26.98,1,91.751
2,1,34.48,0,90.678
18,1,25.06,0,90.963
10,1,26.76,4,90.389
5,1,32.62,1,90.484
9,1,44.39,1,90.471
2,2,35.41,4,91.794
34,2,43.4,4,96.07
6,0,43.98,3,89.801
31,2,25.2,3,93.657
10,2,27.78,4,91.574
12,1,39.25,2,90.597
36,2,41.67,3,98.25
21,1,32.98,4,91.474
17,0,44.83,1,91.877
15,0,20.29,3,90.408
6,2,27.49,2,91.61
16,0,35.58,0,91.258
3,2,31.73,1,91.785
10,0,22.92,2,89.745
5,1,29.19,2,90.596
26,1,20.64,2,92.829
21,1,36.07,1,91.129
26,1,42.32,2,94.191
38,2,42.12,0,98.834
12,0,37.49,3,90.251
26,2,31.64,1,91.697
8,1,32.8,2,90.406
5,2,23.42,4,91.651
15,0,28.53,3,90.593
16,2,24.69,1,91.203
1,0,40.53,4,89.91
16,2,42.87,4,91.9
5,0,33.42,2,89.646
3,0,38.19,1,89.763
31,1,23.04,2,95.768
13,0,35.21,0,90.253
16,1,37.57,4,90.933
21,1,31.32,0,91.607
2,1,26.08,2,90.63
27,2,41.93,3,94.028
38,2,38.57,4,97.699
26,2,42.5,3,93.818
38,2,40.46,1,96.541
14,0,44.76,4,90.537
25,0,24.8,0,97.842
11,2,22.17,3,91.539
8,0,28.43,1,89.685
8,0,23.23,4,89.733
33,1,33.08,1,97.469
7,1,35.83,0,90.444
21,1,34.46,4,91.448
8,1,26.48,1,90.373
19,0,42.72,2,93.434
21,2,20.53,4,91.436
24,0,28.7,4,96.996
20,0,37.97,4,94.172
8,0,39.17,4,89.84
31,1,30.4,2,96.417
29,1,20.42,0,95.222
9,1,35.45,2,90.385
15,2,21.58,2,91.248
26,0,22.7,1,97.497
10,2,36.26,3,91.777
29,1,27.81,3,96.294
16,2,28.7,1,91.342
4,0,32.17,2,89.859
20,0,44.46,1,94.107
37,1,44.14,4,102.888
22,1,30.41,1,90.934
7,2,26.64,1,91.565
23,1,27.56,4,91.84
29,1,26.72,3,96.131
16,0,33.31,4,91.176
28,1,35.17,0,95.841
31,1,32.22,1,96.134
14,0,30.2,1,90.014
21,0,25.28,3,94.874
33,2,32.06,2,93.738
9,1,28.53,4,90.429
25,0,33.54,2,97.661
27,2,36.88,0,93.216
24,2,35.83,4,92.483
13,1,31.56,0,90.708
26,1,33.9,0,94.438
29,2,27.12,0,92.709
19,0,20.61,4,92.785
43,2,35.63,4,100.021
28,1,26.31,3,95.517
8,0,36.72,1,89.743
23,0,38.68,2,96.373
29,2,42.9,2,93.257
5,1,43.95,0,90.536
42,2,20.26,4,96.674
7,2,44.76,4,91.71
42,2,37.08,0,100.546
4,0,36.09,1,89.681
9,0,20.38,2,89.702
27,1,41.53,3,96.012
2,1,23.64,1,90.702
25,2,40.93,4,92.904
9,2,20.39,0,91.561
27,2,36.15,2,92.417
1,1,30.87,0,90.683
23,0,25.02,4,95.925
10,0,22.69,0,89.857
42,2,31.0,2,97.679
25,2,23.08,0,92.052
3,2,32.16,2,91.817
6,2,35.63,0,91.691
6,1,40.68,0,90.531
21,0,36.97,2,94.696
2,2,21.63,0,91.837
18,1,27.69,1,90.54
23,2,27.2,3,92.392
2,2,42.88,1,91.833
12,0,41.69,3,90.308
22,2,29.25,1,91.42
5,0,21.78,3,89.822
20,0,42.35,0,94.623
7,0,42.2,2,89.663
24,1,41.37,2,92.992
20,1,41.13,4,91.619
1,0,32.01,3,89.863
1,2,24.44,4,91.958
17,0,31.94,4,91.816
1,2,32.36,3,92.049
21,0,32.25,2,94.521
45,2,33.47,3,102.704
30,1,26.44,0,96.44
41,2,29.16,4,97.763
15,0,30.85,4,90.379
3,1,23.28,3,90.538
46,2,31.38,4,100.802
11,2,40.26,2,91.64
24,2,40.7,4,92.776
22,2,30.29,3,92.472
44,2,32.97,2,99.091
26,1,20.84,2,92.876
13,1,36.86,4,90.707
1,1,30.12,3,90.671
24,1,31.14,4,92.662
10,0,41.84,0,89.993
35,1,31.55,0,100.452
24,2,20.53,2,91.215
28,2,25.69,4,92.119
36,1,31.89,0,101.19
16,2,30.61,1,91.472
16,1,41.51,0,91.227
17,2,33.55,4,91.806
19,0,37.24,4,93.375
22,0,31.73,0,95.773
15,1,30.99,4,90.654
16,1,31.16,4,90.834
15,1,30.27,1,90.39
34,2,33.46,2,94.332
11,1,26.26,4,90.328
1,0,42.28,3,89.866
15,2,28.33,2,91.366
26,1,23.69,2,93.046
4,2,22.41,3,91.745
43,2,20.34,0,98.046
5,1,30.57,1,90.47
35,2,24.69,4,94.296
13,0,20.54,0,90.077
10,0,33.0,3,89.976
11,2,37.0,1,91.621
18,1,22.14,1,90.465
34,2,31.52,1,93.593
7,0,38.59,3,89.822
41,2,44.65,0,101.227
42,2,36.68,4,99.654
18,0,26.12,1,92.019
23,2,37.91,1,91.919
7,2,34.95,0,91.631
3,1,25.29,1,90.532
12,1,41.28,1,90.525
7,0,30.69,3,89.638
17,0,44.05,2,92.017
26,0,38.07,0,99.518
33,1,36.11,0,99.474
5,0,38.21,0,89.807
16,0,31.95,3,91.511
15,0,32.63,3,90.726
2,1,41.28,4,90.654
41,2,37.02,3,100.737
7,0,42.43,0,89.749
32,2,42.27,4,94.926
4,0,44.41,2,89.75
20,2,37.51,1,91.721
36,1,32.56,1,99.324
32,1,24.16,4,96.956
13,0,37.63,2,90.192
1,2,27.29,1,91.943
35,1,27.07,4,99.276
16,0,25.96,3,91.167
22,0,41.88,0,96.26
36,1,41.7,2,101.092
25,1,35.77,1,92.958
16,0,31.82,0,91.267
19,2,36.8,4,91.985
1,2,35.18,1,91.921
5,2,30.39,0,91.708
19,0,29.49,3,93.566
22,1,29.57,2,91.269
24,0,34.73,4,97.313
37,1,36.19,1,100.411
36,2,31.29,3,96.948
36,2,44.22,2,96.531
4,1,22.1,2,90.401
36,1,28.68,3,101.469
20,0,30.48,1,93.447
18,2,20.42,2,91.213
18,0,29.12,4,92.496
16,0,26.84,0,91.152
9,0,32.65,4,89.828
18,2,28.41,2,91.478
22,0,38.15,0,96.057
2,0,32.75,3,89.808
21,0,23.24,0,94.547
4,0,38.75,0,89.762
12,0,22.48,0,89.999
7,0,40.98,2,89.738
47,2,43.29,1,101.685
7,0,28.06,2,89.761
29,1,43.15,1,95.928
22,0,39.83,3,96.363
26,0,43.06,3,100.253
21,2,36.66,3,92.58
17,2,25.89,3,91.838
16,1,42.36,3,91.244
31,1,24.61,4,96.39
9,2,25.33,2,91.471
31,2,26.78,1,91.924
14,0,27.61,3,90.501
37,2,32.86,4,96.322
2,1,37.84,4,90.622
20,0,43.16,4,94.404
14,1,22.21,2,90.297
27,0,43.86,3,101.256
33,2,43.03,4,95.518
35,1,21.35,4,98.531
26,0,29.01,3,99.301
7,0,40.33,2,89.789
47,2,35.29,4,102.243
20,2,39.48,1,91.808
2,2,37.98,0,91.968
19,1,32.42,0,91.302
27,0,21.03,0,99.246
37,2,34.61,2,95.882
18,1,21.21,4,90.73
16,1,35.09,0,90.987
4,1,40.01,0,90.562
12,2,34.62,3,91.721
29,2,44.93,4,93.79
7,0,31.4,4,89.794
14,0,38.72,3,90.611
12,2,36.68,4,91.598
35,1,44.79,1,100.145
5,1,37.83,2,90.586
17,1,24.1,3,91.044
26,0,43.89,0,99.912
32,1,36.69,4,98.281
10,0,21.48,1,89.611
11,0,36.44,1,89.912
17,1,42.08,2,91.043
5,1,34.43,1,90.495
45,2,28.85,4,99.686
42,2,40.52,4,100.24
9,1,39.56,1,90.441
17,0,33.6,4,91.869
1,0,23.86,4,89.835
4,0,26.27,0,89.689
4,0,38.46,3,89.787
18,0,40.15,4,92.798
9,2,26.98,4,91.572
29,1,29.2,2,95.137
14,2,21.94,3,91.551
25,0,37.84,3,98.91
15,0,20.09,3,90.441
6,0,21.16,1,89.588
24,0,20.11,0,96.658
29,1,36.13,0,96.537
15,0,30.43,2,90.323
29,1,27.44,3,96.149
4,0,42.82,3,89.76
18,1,24.82,4,90.82
44,2,29.73,1,97.504
7,0,43.51,1,89.683
16,1,30.68,2,90.676
11,2,33.87,0,91.7
14,0,22.01,3,90.336
3,0,39.75,2,89.76
19,0,30.57,1,92.709
18,1,40.01,1,90.973
20,1,26.34,1,90.733
25,2,30.56,3,92.889
13,1,39.66,3,90.93
4,1,44.35,3,90.575
23,0,21.49,4,95.791
14,0,40.31,0,90.581
1,0,27.52,1,89.82
20,0,33.77,1,93.695
5,0,27.25,4,89.663
8,0,35.34,1,89.718
12,0,28.85,1,89.9
34,2,28.34,3,95.453
44,2,20.95,3,99.59
5,2,23.67,0,91.708
5,2,42.93,1,91.639
13,0,44.96,2,90.295
9,2,39.51,1,91.616
10,0,27.17,1,89.803
32,2,30.06,0,94.053
33,1,38.49,2,98.588
3,2,44.21,1,91.859
30,2,31.39,2,92.405
18,0,40.74,3,93.166
12,2,44.38,3,91.938
29,1,41.84,2,96.16
3,0,25.68,1,89.785
26,0,20.2,2,97.67
30,2,32.3,2,92.553
9,0,33.28,3,89.815
26,0,25.03,2,98.037
2,0,27.12,4,89.867
3,0,39.13,4,89.728
14,0,31.76,3,90.49
4,0,27.93,1,89.759
25,1,35.57,1,92.856
13,2,36.32,3,91.781
35,1,39.23,1,99.495
23,0,23.92,0,96.117
23,0,38.54,4,96.661
9,2,34.99,0,91.686
2,1,21.44,0,90.654
41,2,39.44,0,100.33
31,1,29.58,3,97.857
12,0,28.26,0,90.066
47,2,31.2,2,100.195
2,2,28.65,1,91.907
18,0,28.46,3,92.607
13,2,40.2,2,91.643
5,1,23.11,2,90.44
10,1,44.27,4,90.546
25,1,33.87,4,93.445
34,1,24.57,2,97.716
5,0,23.28,4,89.654
30,2,34.79,1,92.211
7,1,35.82,1,90.354
6,0,21.33,4,89.765
3,2,26.08,0,91.889
13,2,39.89,2,91.636
3,0,21.24,1,89.691
26,0,41.38,4,99.408
24,1,36.45,4,92.87
6,2,30.86,1,91.629
43,2,28.66,1,96.785
26,0,20.48,0,98.28
42,2,40.63,4,100.338
12,1,23.57,4,90.412
36,2,27.74,3,96.502
2,0,34.23,0,89.898
11,0,26.15,1,89.756
34,1,32.43,1,98.022
26,1,40.23,2,94.185
18,2,31.76,1,91.4
21,2,43.72,4,92.526
4,0,41.19,1,89.637
22,1,28.33,4,91.383
30,1,30.0,4,96.259
30,1,30.58,0,96.692
8,2,35.65,1,91.575
34,1,27.17,0,99.157
25,0,44.23,4,98.665
15,0,35.22,1,90.266
9,2,29.99,1,91.439
20,2,36.13,0,92.167
25,1,29.89,0,93.573
19,2,40.44,4,92.11
5,0,34.2,4,89.655
11,1,21.05,1,90.24
15,0,24.42,1,90.074
8,1,41.62,3,90.529
19,2,34.07,3,92.233
23,1,43.76,2,92.568
27,1,21.81,4,93.724
8,0,27.38,2,89.666
26,0,24.84,2,97.859
27,1,33.85,0,95.116
19,2,29.57,0,91.941
42,2,23.93,3,99.105
7,0,36.07,2,89.686
41,2,33.41,3,100.119
1,0,26.87,4,89.895
19,2,31.99,1,91.479
37,1,38.64,0,102.814
19,0,25.13,4,92.97
1,0,27.32,4,89.951
16,1,28.65,0,90.942
23,0,38.67,0,96.947
7,2,41.17,2,91.609
26,2,29.41,3,92.914
12,0,27.42,4,90.007
8,2,42.24,2,91.616
5,0,44.98,2,89.773
28,1,36.76,4,95.485
21,0,44.75,4,95.38
5,1,36.5,1,90.474
26,2,38.34,3,93.494
5,1,29.72,4,90.516
22,2,30.82,0,92.167
15,0,23.6,1,90.051
13,2,40.57,3,91.969
1,0,43.28,0,89.85
11,0,35.59,0,90.116
23,1,28.59,3,92.429
33,1,23.85,1,96.502
18,1,26.63,0,90.967
30,1,26.39,2,95.534
26,2,35.34,3,93.294
16,2,43.63,3,92.203
13,2,21.21,4,91.356
7,0,20.03,1,89.498
33,2,35.0,2,94.015
26,2,27.1,2,91.668
1,2,42.01,4,91.823
2,1,28.18,0,90.658
6,2,27.24,0,91.73
14,0,26.74,2,90.194
24,1,23.62,1,91.606
18,0,34.54,0,92.758
27,2,24.21,3,92.756
8,1,30.62,4,90.37
10,0,31.52,1,89.825
17,2,20.51,0,91.583
23,0,20.42,2,95.328
26,0,33.01,4,98.731
6,0,37.4,0,89.731
14,2,43.55,2,91.781
22,2,24.48,0,91.833
22,0,22.58,4,94.953
6,1,21.3,3,90.466
26,1,30.9,3,94.547
39,2,35.58,2,96.958
12,2,41.01,3,91.817
35,2,37.07,4,95.884
14,2,25.21,2,91.331
22,2,31.54,0,92.211
23,1,42.76,1,92.199
7,2,28.17,0,91.646
8,0,32.47,4,89.749
18,0,43.96,2,92.819
25,1,38.37,0,94.06
13,0,38.69,2,90.181
21,1,26.31,3,91.549
10,1,30.37,1,90.403
21,0,22.06,4,94.35
9,2,35.16,0,91.641
15,0,22.59,1,90.035
20,0,40.9,4,94.371
2,1,40.36,4,90.726
25,0,33.34,3,98.691
13,1,23.53,2,90.388
34,2,20.64,2,92.912
34,2,39.92,1,94.574
35,2,35.0,3,96.839
6,0,37.77,4,89.78
3,1,27.6,3,90.553
42,2,32.74,3,100.713
6,1,38.68,1,90.42
19,1,31.56,2,90.901
3,2,35.03,3,91.799
18,2,39.74,3,92.267
9,1,25.38,3,90.449
12,2,21.65,0,91.515
5,1,33.3,3,90.535
3,1,21.55,3,90.613
11,2,39.16,4,91.687
25,0,37.98,0,98.642
30,2,42.04,3,94.691
4,0,35.99,3,89.808
5,1,21.68,1,90.436
1,1,26.33,1,90.726
27,0,40.2,0,100.61
28,1,24.18,4,94.614
18,0,37.46,0,92.798
12,0,39.51,0,90.216
13,1,28.25,1,90.388
9,0,28.06,1,89.693
2,2,33.95,4,91.831
37,2,41.53,3,98.783
16,1,25.6,4,90.641
24,1,43.53,3,93.982
3,0,34.98,2,89.804
22,0,44.8,1,95.638
4,0,22.24,2,89.724
11,0,23.16,2,89.728
46,2,40.67,1,100.686
29,2,41.62,2,93.181
35,1,31.14,0,100.347
16,0,37.85,3,91.522
22,0,41.69,4,95.99
15,1,21.08,1,90.293
10,0,34.35,0,89.956
9,0,41.34,4,89.789
11,0,29.95,4,89.942
16,0,27.56,4,90.994
10,0,39.89,2,89.864
32,1,28.39,2,96.943
19,0,20.08,2,92.583
2,1,43.99,2,90.605
24,0,34.8,0,97.449
23,2,40.49,2,92.374
2,2,40.63,1,91.899
38,2,21.66,4,95.193
31,2,24.27,0,93.144
26,1,27.78,2,93.179
29,1,28.02,4,95.473
3,0,36.47,0,89.744
14,2,35.58,4,91.759
25,1,32.36,0,93.666
16,0,25.28,3,91.218
1,0,29.55,0,89.868
3,1,33.59,2,90.538
26,2,31.7,4,92.431
18,0,23.18,4,92.192
9,2,36.24,4,91.571
38,2,21.83,1,93.86
23,2,29.45,1,91.468
21,0,37.75,2,94.715
1,2,20.5,3,91.951
21,0,34.25,1,94.381
27,2,28.36,0,92.548
10,0,20.22,2,89.677
6,2,24.76,3,91.611
36,1,43.52,0,102.701
28,2,33.03,4,92.709
45,2,44.93,1,100.991
17,0,33.12,0,92.024
27,0,33.6,3,100.606
40,2,29.8,2,96.666
3,1,27.75,0,90.593
12,1,26.29,2,90.384
7,0,28.59,4,89.68
12,1,31.5,3,90.595
2,2,24.8,3,91.742
24,0,25.62,1,96.126
46,2,26.79,3,102.044
22,0,31.23,0,95.796
23,0,36.32,0,96.799
5,0,41.4,0,89.777
9,0,27.18,4,89.735
21,1,24.59,3,91.537
11,2,29.47,3,91.619
5,2,42.36,0,91.692
35,2,20.25,1,92.598
27,0,36.95,1,99.244
2,1,31.93,3,90.671
24,2,24.03,3,92.321
31,1,28.03,2,96.296
1,0,25.62,3,89.937
39,2,41.95,0,99.493
30,1,32.05,4,96.363
14,0,34.08,3,90.517
37,1,34.84,3,103.029
28,2,35.99,0,93.368
31,2,32.39,2,92.966
11,0,20.45,3,89.944
23,0,28.37,1,95.53
25,0,24.6,1,96.879
2,1,37.0,1,90.618
27,1,21.42,4,93.721
35,1,34.1,4,100.034
2,0,25.27,3,89.819
39,2,43.72,3,100.484
37,2,28.39,3,97.138
21,1,28.13,4,91.24
5,1,43.08,3,90.572
45,2,30.43,0,100.998
21,2,44.07,2,92.301
29,1,20.6,1,94.016
20,1,27.66,1,90.634
38,2,36.65,0,98.053
20,0,42.27,3,94.758
25,1,26.41,4,92.953
2,2,43.26,3,91.828
32,2,34.85,3,95.133
26,2,40.03,1,92.32
6,2,29.93,1,91.582
9,0,25.3,4,89.765
3,2,42.78,1,91.803
33,1,43.33,3,100.612
1,0,32.44,0,89.869
5,2,20.16,4,91.712
13,0,22.74,0,90.054
19,1,34.33,3,91.539
12,2,20.59,4,91.46
25,1,29.92,0,93.503
35,2,27.58,4,94.764
12,2,37.86,3,91.778
30,2,21.39,4,92.035
5,2,32.22,3,91.674
34,2,34.48,4,94.915
22,0,35.43,4,95.711
39,2,30.13,1,95.431
13,2,27.61,3,91.714
25,0,37.06,2,97.931
15,0,41.19,4,90.738
22,0,37.34,0,96.055
3,0,43.3,1,89.821
21,0,37.93,1,94.563
20,0,39.12,4,94.197
31,2,24.2,2,92.149
5,2,30.49,1,91.682
24,1,32.13,3,93.408
40,2,26.41,4,96.838
33,2,33.21,4,94.369
8,0,27.27,2,89.718
24,0,37.19,3,98.049
20,2,31.76,3,92.356
16,1,31.47,2,90.672
18,0,44.59,0,93.079
12,2,29.81,3,91.615
13,2,29.06,0,91.59
25,1,27.97,0,93.394
32,1,42.37,4,98.742
24,0,32.42,4,97.238
9,1,35.0,1,90.377
40,2,24.52,4,96.529
23,2,33.52,3,92.744
13,1,26.87,3,90.732
32,1,38.27,0,98.924
15,1,40.81,3,91.102
36,1,37.87,4,101.329
17,0,38.26,4,92.051
5,1,32.81,4,90.45
22,0,37.8,2,95.59
16,2,30.57,3,91.899
10,1,36.29,1,90.418
24,0,26.48,3,97.337
18,1,21.74,3,91.007
18,2,30.34,2,91.565
7,2,31.54,3,91.647
4,2,26.41,0,91.689
26,1,38.19,4,94.281
5,1,21.84,4,90.481
23,0,25.57,2,95.722
16,2,38.71,4,91.836
35,1,30.93,0,100.404
26,2,37.63,2,92.379
18,2,34.19,1,91.525
23,0,43.77,4,96.833
21,0,34.94,3,95.302
14,0,20.37,0,90.188
15,0,28.82,0,90.49
33,2,23.58,4,93.274
25,0,43.12,1,98.002
21,0,22.6,3,94.763
17,0,29.69,1,91.503
23,0,25.65,1,95.366
43,2,41.17,4,101.069
17,0,27.71,3,91.854
14,2,44.8,4,91.791
29,1,20.97,4,94.864
20,2,23.21,0,91.744
30,2,25.62,4,92.431
19,0,40.28,2,93.369
13,1,41.96,3,90.926
18,1,21.79,0,90.88
23,1,20.81,3,91.965
33,1,38.61,0,99.652
39,2,23.33,2,95.07
18,1,23.32,4,90.793
9,2,20.56,0,91.593
33,2,21.25,0,93.756
32,2,26.59,0,93.815
17,1,21.63,2,90.518
19,0,29.22,3,93.506
27,0,40.82,2,99.896
6,1,28.16,0,90.415
3,0,38.2,0,89.73
24,0,22.35,4,96.487
37,2,36.48,2,96.171
34,2,27.92,2,93.687
20,1,38.74,1,91.114
25,1,23.41,3,93.299
4,0,42.45,1,89.694
10,2,26.06,1,91.396
10,1,28.83,3,90.461
24,1,43.75,4,93.533
21,1,34.46,4,91.465
11,1,29.14,3,90.644
27,1,43.74,3,96.104
16,1,28.23,2,90.566
26,0,22.37,2,97.78
30,2,44.92,2,93.644
16,2,26.7,2,91.415
7,1,41.28,0,90.47
16,2,24.14,0,91.622
35,2,38.28,4,95.988
16,2,33.11,0,91.757
12,1,44.52,0,90.772
35,1,33.82,2,99.514
21,2,20.63,2,91.241
43,2,35.1,3,101.723
36,1,23.63,2,98.795
16,0,39.96,3,91.571
17,2,41.41,3,92.281
9,0,32.05,0,89.832
6,2,39.58,2,91.685
24,0,23.63,0,96.933
27,0,32.3,2,99.24
20,0,29.85,0,94.12
25,1,35.28,0,93.782
2,0,21.11,0,89.783
9,0,38.8,4,89.859
21,0,21.98,0,94.528
38,2,36.41,1,95.927
3,0,20.46,1,89.651
20,2,40.8,1,91.871
6,0,24.37,3,89.742
7,0,32.89,0,89.719
33,1,26.54,1,96.742
1,2,38.07,3,91.935
5,0,28.03,1,89.508
6,2,38.12,2,91.595
45,2,27.12,4,99.463
34,1,38.81,0,100.465
15,1,20.77,4,90.475
26,1,27.08,4,93.575
14,1,32.47,2,90.604
7,1,21.13,2,90.351
31,1,24.65,2,95.885
24,1,43.36,3,93.963
31,1,44.42,1,97.363
10,0,38.49,0,90.043
32,2,26.31,2,92.718
17,1,26.51,0,90.879
14,1,36.14,0,90.829
40,2,22.94,0,97.137
4,0,43.71,2,89.789
24,2,25.62,2,91.532
45,2,44.99,1,100.917
27,1,32.39,2,94.245
25,2,39.29,2,92.516
32,2,20.05,0,93.062
18,1,42.22,1,91.012
18,1,26.75,4,90.901
37,1,36.7,2,101.251
26,1,40.16,2,94.027
9,2,24.1,4,91.459
35,2,31.06,0,95.759
8,0,32.35,1,89.707
20,0,27.8,0,94.045
42,2,32.04,3,100.578
22,0,27.94,2,95.084
19,2,29.02,3,92.09
21,0,36.73,2,94.696
28,1,35.81,3,96.238
3,0,25.81,4,89.788
11,1,42.44,2,90.651
31,1,41.57,2,97.486
36,1,32.73,3,101.974
30,1,30.83,1,95.419
23,0,29.42,3,96.732
19,2,37.68,2,91.834
12,1,36.79,2,90.597
15,0,24.9,1,90.036
31,1,36.79,0,98.035
11,0,26.31,1,89.785
5,0,20.46,0,89.667
5,0,37.48,2,89.734
15,2,36.12,4,91.776
18,0,30.27,4,92.459
11,0,33.14,3,90.125
26,2,43.68,1,92.501
44,2,34.88,1,98.41
2,0,36.45,4,89.871
20,2,21.6,0,91.636
15,1,24.15,1,90.247
4,1,27.52,0,90.494
22,2,33.48,0,92.412
38,2,39.41,0,98.549
23,0,28.03,0,96.301
26,2,28.91,3,92.815
19,0,26.4,3,93.379
11,1,26.37,4,90.484
28,2,43.72,3,94.354
24,0,35.89,1,96.75
2,0,23.9,3,89.805
8,1,38.06,1,90.406
29,2,38.05,1,92.502
11,1,36.66,0,90.621
5,0,23.37,4,89.686
18,0,30.2,0,92.655
14,2,22.67,0,91.524
22,0,40.42,3,96.45
10,2,36.38,3,91.68
35,1,32.68,1,98.704
9,2,28.58,3,91.677
35,2,24.61,3,95.629
11,0,22.66,2,89.725
12,0,44.23,1,90.076
12,2,24.99,1,91.262
3,0,21.5,2,89.716
21,0,44.04,1,94.828
7,0,33.72,4,89.633
14,2,39.92,4,91.781
24,0,21.09,2,96.223
28,2,34.17,3,93.611
11,0,29.96,4,89.886
25,1,39.3,2,93.444
21,0,20.96,4,94.356
10,0,30.04,0,89.874
43,2,39.98,2,99.812
15,2,33.07,1,91.316
19,0,33.75,4,93.356
22,1,22.43,1,90.57
21,0,23.31,2,94.137
20,0,36.92,4,94.282
32,1,36.88,1,97.251
23,2,44.48,3,93.324
13,0,37.8,3,90.421
5,2,32.33,0,91.722
4,2,41.43,2,91.75
28,1,22.61,1,93.656
14,1,31.23,0,90.619
8,2,27.18,2,91.553
9,0,22.62,3,89.831
35,2,39.09,1,95.003
5,0,32.77,4,89.719
21,0,33.92,3,95.273
18,1,30.28,4,90.991
1,0,31.51,4,89.93
8,0,22.9,1,89.573
17,2,36.82,1,91.601
31,1,30.81,4,96.928
2,0,40.42,0,89.861
6,0,24.91,4,89.645
22,1,25.13,4,91.235
14,2,36.14,1,91.467
3,1,41.15,2,90.573
12,1,31.8,3,90.678
4,0,38.17,1,89.752
12,0,44.98,0,90.307
45,2,44.76,3,105.044
2,0,38.61,1,89.807
2,0,38.49,1,89.855
15,1,26.19,2,90.448
23,0,40.84,0,97.123
29,2,30.13,0,93.076
17,1,44.05,1,90.942
32,2,22.04,2,92.383
7,1,30.9,1,90.421
14,0,33.9,4,90.308
30,1,30.13,4,96.255
17,1,25.26,2,90.521
14,0,34.82,1,90.108
6,0,38.9,2,89.78
24,2,36.12,1,91.828
6,2,25.86,1,91.528
27,0,38.29,4,100.133
18,0,26.42,3,92.745
24,0,24.38,0,97.018
37,1,37.27,0,102.793
24,1,41.07,2,93.079
34,1,32.04,0,99.667
8,0,33.28,4,89.749
47,2,27.57,3,102.665
15,0,32.37,1,90.183
11,1,23.3,1,90.327
22,1,43.9,4,92.168
22,0,40.01,0,96.213
24,0,36.7,1,96.763
1,1,33.45,0,90.689
18,1,39.8,4,91.309
12,1,32.37,1,90.455
25,0,27.5,2,97.262
28,1,24.01,3,95.294
7,1,36.19,0,90.514
23,2,43.24,0,93.015
21,0,23.84,0,94.646
34,2,24.5,0,94.465
11,2,30.84,4,91.492
22,1,40.17,4,91.878
10,0,27.35,4,89.814
35,1,26.35,4,99.126
20,0,35.5,1,93.68
29,2,33.39,4,92.953
10,0,21.51,1,89.608
28,1,22.04,2,93.943
18,1,36.08,4,91.217
14,1,31.63,2,90.513
18,0,44.27,4,92.933
28,2,36.96,2,92.657
24,2,20.25,3,92.123
8,0,32.03,2,89.769
8,1,30.36,1,90.387
4,2,22.67,0,91.663
27,1,43.08,2,94.908
4,0,40.13,0,89.775
5,1,25.75,3,90.456
33,2,26.4,3,94.816
34,2,20.8,1,92.322
30,1,27.42,1,95.032
8,0,34.62,2,89.836
26,1,30.52,4,93.795
25,0,44.23,3,99.316
37,1,21.4,0,100.528
34,2,34.79,4,95.075
7,0,41.46,3,89.87
8,0,32.02,2,89.674
7,0,20.07,3,89.774
39,2,26.07,1,94.819
28,1,28.09,0,95.196
14,2,44.15,0,91.954
21,0,42.79,1,94.832
4,1,43.73,4,90.576
42,2,40.64,1,98.535
18,0,28.79,0,92.608
12,0,42.65,2,90.169
25,2,44.54,4,93.071
7,2,28.75,3,91.662
38,2,26.51,2,95.231
5,0,33.67,4,89.728
3,2,24.68,0,91.755
12,0,20.82,0,89.978
31,2,43.65,2,93.995
15,0,43.14,4,90.737
10,0,24.07,3,89.962
20,1,30.19,3,91.642
19,2,40.78,1,91.73
11,2,36.53,2,91.577
8,0,29.87,4,89.614
3,0,38.6,2,89.775
23,0,42.43,3,97.43
7,1,43.15,4,90.524
23,1,29.47,0,92.282
7,0,24.34,0,89.82
46,2,42.82,4,103.154
34,2,22.31,2,92.985
19,1,38.04,2,91.209
9,1,23.51,0,90.468
16,0,29.73,0,91.244
18,2,30.29,3,91.999
9,0,23.97,4,89.697
25,1,43.07,2,93.642
14,2,20.07,3,91.583
44,2,42.35,2,100.829
25,1,42.1,0,94.312
19,0,27.92,4,93.092
7,0,37.61,1,89.67
15,2,26.32,4,91.47
16,1,38.97,1,90.665
27,2,34.03,3,93.374
10,1,27.51,1,90.297
4,0,30.01,1,89.74
19,1,37.25,3,91.693
21,0,42.65,4,95.163
14,1,23.27,3,90.621
33,2,34.28,0,95.071
16,0,26.34,0,91.008
10,2,40.03,1,91.534
19,2,21.76,3,91.863
22,0,37.22,3,96.238
3,0,24.37,3,89.788
37,2,34.91,4,96.606
41,2,40.89,2,98.825
18,2,38.88,2,91.907
11,2,38.82,2,91.569
16,0,32.95,4,91.151
2,0,42.27,3,89.81
12,2,34.7,2,91.597
6,1,42.94,3,90.468
29,1,33.66,1,95.148
27,0,32.65,2,99.31
30,2,25.56,1,91.424
2,2,33.62,4,91.824
9,0,23.51,0,89.867
2,1,41.74,4,90.566
29,1,36.9,4,96.169
33,1,44.84,4,99.771
10,0,22.3,2,89.632
34,1,26.02,1,97.347
12,0,41.93,2,90.122
23,0,29.88,0,96.397
8,2,31.66,4,91.636
37,1,41.52,3,103.925
22,0,33.05,0,95.771
33,1,24.84,1,96.597
6,1,42.3,0,90.499
44,2,20.78,2,96.654
19,1,42.38,3,91.918
32,2,21.26,2,92.21
27,0,36.65,4,100.018
1,1,21.79,4,90.695
11,0,37.66,0,90.133
33,1,20.85,4,97.224
8,0,41.06,4,89.868
32,1,31.65,1,96.748
5,1,22.34,1,90.505
17,1,37.67,2,90.94
8,1,32.23,2,90.433
34,1,24.77,1,97.126
9,1,20.39,0,90.353
23,1,30.45,1,91.634
35,1,22.14,2,97.975
7,1,22.35,3,90.496
15,0,26.68,4,90.374
20,2,35.76,3,92.44
25,1,33.25,3,94.008
3,2,21.72,4,91.777
24,1,44.21,1,92.818
34,1,42.18,0,100.889
14,0,26.48,3,90.334
22,0,23.06,0,95.357
11,2,43.56,2,91.636
16,0,31.53,3,91.323
8,0,27.78,2,89.634
39,2,32.26,1,95.719
11,0,39.32,3,90.157
35,1,24.21,2,98.24
46,2,39.19,2,101.437
38,2,38.74,1,96.249
8,1,33.48,0,90.489
22,0,41.65,0,96.173
37,2,23.3,3,96.347
27,2,34.89,1,91.949
28,1,31.23,3,95.863
34,1,30.56,0,99.568
15,0,26.31,1,90.044
44,2,29.31,4,99.294
17,0,22.7,1,91.254
1,0,26.29,1,89.935
16,1,26.8,4,90.612
29,2,38.02,2,92.988
9,2,21.21,2,91.489
33,2,36.28,2,94.181
29,1,25.54,0,95.607
13,1,22.05,1,90.27
21,1,27.52,4,91.25
21,1,25.61,0,91.313
5,1,33.8,4,90.441
10,2,28.93,0,91.545
6,0,44.15,0,89.778
13,2,44.09,0,91.878
1,0,31.09,4,90.017
20,1,39.88,3,91.887
25,0,20.33,0,97.487
47,2,33.7,2,100.757
46,2,38.58,1,100.25
8,0,25.42,3,89.805
10,1,21.53,3,90.455
9,1,23.9,4,90.462
41,2,31.05,3,99.705
3,0,32.66,4,89.744
11,1,29.52,4,90.404
12,1,31.0,2,90.447
10,2,31.76,0,91.601
25,1,39.24,3,94.429
17,0,22.63,0,91.781
25,2,39.22,0,93.151
11,2,37.22,0,91.63
22,0,38.54,4,95.83
36,2,38.36,0,97.226
26,1,31.76,3,94.607
14,1,25.29,4,90.641
7,0,33.42,3,89.771
1,1,43.95,4,90.721
24,0,34.71,1,96.804
22,0,20.28,1,94.48
4,1,21.49,1,90.469
12,0,44.82,1,90.045
35,1,21.8,4,98.593
13,2,21.15,0,91.54
31,2,28.83,2,92.643
6,0,44.23,2,89.696
23,1,27.97,1,91.408
4,1,30.25,0,90.514
16,2,35.85,3,92.014
7,2,20.6,0,91.635
22,1,42.44,3,92.566
11,0,32.99,2,89.937
33,2,31.67,0,94.832
26,0,41.52,0,99.732
27,0,43.83,2,100.201
39,2,30.59,0,97.698
12,0,24.31,3,90.023
7,0,40.39,0,89.768
26,1,30.08,3,94.411
8,0,43.39,1,89.796
9,1,43.75,0,90.716
41,2,22.87,3,98.442
34,2,43.91,2,95.516
13,1,29.21,1,90.327
36,2,36.16,0,96.951
25,0,20.87,3,97.808
24,0,42.22,0,97.939
12,0,36.04,3,90.273
17,2,36.09,0,91.945
2,0,42.55,1,89.841
13,2,32.71,1,91.412
18,0,30.26,0,92.623
28,1,41.65,0,96.341
27,2,38.56,4,93.047
15,2,43.72,0,92.055
8,0,43.5,0,89.894
15,2,29.56,1,91.388
33,2,31.17,0,94.744
20,1,26.4,2,90.783
12,1,36.52,0,90.672
5,0,29.11,4,89.726
9,1,39.65,3,90.598
23,0,23.04,1,95.32
8,0,22.91,2,89.77
16,0,25.11,3,91.182
14,2,22.11,2,91.293
27,1,35.5,1,94.112
25,0,23.68,4,97.424
13,1,24.0,1,90.312
23,0,20.36,2,95.392
21,1,39.55,2,91.5
31,1,40.31,1,96.865
5,0,24.05,0,89.719
43,2,38.49,1,98.603
5,1,30.84,4,90.435
13,2,25.99,1,91.348
28,2,35.53,3,93.69
11,0,24.46,0,89.862
25,0,38.92,3,98.93
19,0,21.19,1,92.535
35,1,43.98,0,101.907
15,0,21.8,3,90.433
7,0,34.49,3,89.796
7,1,42.55,0,90.529
32,1,20.3,0,97.044
3,0,32.46,2,89.758
13,0,28.75,0,90.236
7,0,34.51,1,89.731
5,0,25.64,4,89.66
22,2,21.62,2,91.351
8,2,35.65,0,91.753
17,0,30.42,4,91.754
27,2,35.56,2,92.417
33,1,25.26,1,96.57
46,2,28.47,4,100.169
17,2,34.04,0,91.929
10,0,34.83,0,90.064
12,2,29.31,1,91.426
46,2,27.0,2,98.817
27,2,26.84,4,92.14
8,2,24.37,1,91.451
23,1,28.14,2,91.729
10,0,24.99,3,89.888
17,0,35.85,3,92.237
29,1,34.23,2,95.539
20,2,29.56,0,92.088
16,1,28.15,0,90.822
17,2,25.94,3,91.788
16,1,33.39,0,90.959
19,0,42.97,0,93.839
24,0,37.14,2,97.191
24,0,38.61,2,97.225
8,2,40.86,0,91.721
38,2,28.79,2,95.546
29,1,21.57,4,94.823
36,1,35.56,3,102.304
26,0,24.72,4,98.273
31,2,34.23,4,93.583
12,1,38.49,0,90.665
17,2,39.59,0,92.117
15,2,27.55,4,91.535
9,0,32.81,4,89.813
7,0,35.52,1,89.687
42,2,40.49,1,98.468
12,2,39.03,3,91.729
32,2,44.7,4,95.143
25,2,20.2,2,91.268
7,0,30.94,1,89.699
18,1,26.4,0,91.011
15,0,23.0,4,90.201
32,1,42.79,2,98.31
6,2,44.95,2,91.749
35,1,24.51,2,98.319
2,0,20.96,0,89.873
6,0,26.88,1,89.705
5,2,40.87,2,91.653
18,0,27.35,1,92.027
16,2,21.42,3,91.686
8,0,21.31,0,89.68
25,0,30.69,1,97.21
32,2,43.3,1,93.936
26,1,27.15,2,93.21
20,0,30.68,2,93.721
22,1,22.55,0,91.339
11,0,32.34,1,89.816
10,0,37.41,4,89.938
24,0,26.78,2,96.572
25,0,27.42,2,97.377
12,1,41.05,3,90.824
28,1,20.26,0,94.702
6,0,35.91,1,89.724
27,0,29.85,1,98.797
20,1,27.46,1,90.69
5,2,36.44,2,91.672
23,2,40.87,0,92.87
9,1,33.96,1,90.432
26,0,20.78,4,98.031
27,0,31.54,3,100.306
29,2,31.57,3,93.532
16,2,33.59,1,91.373
22,1,36.77,2,91.57
8,2,20.48,3,91.628
20,1,32.55,3,91.587
14,2,34.71,3,91.824
39,2,28.58,3,98.171
37,2,36.71,1,95.5
18,0,25.7,0,92.443
2,0,27.93,0,89.774
11,0,44.07,2,90.008
40,2,28.7,4,97.154
33,1,28.66,0,98.619
31,1,34.89,4,97.355
34,1,44.27,0,101.148
7,1,44.58,0,90.535
26,0,34.49,2,98.662
17,0,20.03,3,91.735
23,2,42.52,2,92.44
46,2,34.26,0,102.5
7,1,29.15,3,90.47
22,0,40.73,3,96.452
25,1,30.0,3,93.772
3,2,20.85,4,91.845
38,2,40.53,0,98.617
20,1,33.65,1,90.879
34,2,28.45,2,93.698
30,1,26.27,4,95.919
17,0,34.84,2,91.724
10,1,25.2,1,90.311
3,0,28.1,3,89.729
20,0,35.91,1,93.761
18,2,42.04,2,91.931
45,2,33.32,1,98.612
44,2,38.98,0,102.193
27,1,39.08,1,94.341
36,1,36.61,0,101.797
23,2,26.15,1,91.323
32,1,41.67,0,99.315
10,2,30.91,0,91.57
11,1,21.11,1,90.303
6,0,26.12,4,89.647
6,0,39.14,3,89.813
41,2,21.73,3,98.241
34,1,23.68,3,99.315
36,1,37.36,0,101.887
5,0,42.32,3,89.753
17,0,35.84,0,92.029
40,2,25.56,4,96.657
8,0,21.34,1,89.649
12,2,35.38,1,91.52
21,0,21.18,0,94.48
8,0,35.32,0,89.76
19,1,25.64,4,90.861
3,0,42.62,3,89.792
18,0,31.88,4,92.488
19,2,25.6,1,91.283
15,0,41.33,1,90.407
6,2,26.35,3,91.699
16,0,27.66,1,90.729
8,0,40.86,0,89.831
18,2,27.72,1,91.305
12,1,30.25,2,90.47
45,2,28.69,3,101.769
10,2,22.91,3,91.551
7,2,20.97,3,91.621
1,1,38.11,2,90.697
17,0,36.13,4,91.862
36,2,27.06,0,95.734
21,2,27.39,3,92.253
37,1,43.63,1,101.573
24,2,44.69,0,93.246
23,0,31.84,1,95.777
25,1,40.06,0,93.998
7,0,38.42,0,89.919
10,0,27.43,1,89.796
17,1,21.46,1,90.362
29,2,23.56,0,92.506
7,0,40.96,3,89.708
1,0,38.28,1,89.917
7,0,36.61,2,89.726
26,0,23.27,2,97.782
24,1,36.0,0,93.264
11,1,39.3,4,90.65
9,0,41.52,0,89.939
12,2,20.33,0,91.494
3,0,37.11,3,89.812
4,2,20.48,3,91.721
4,0,37.67,4,89.786
28,2,35.89,4,93.042
25,0,23.71,4,97.421
13,2,39.15,4,91.668
23,0,21.71,4,95.689
19,0,40.66,0,93.759
42,2,26.55,0,98.718
37,1,37.22,2,101.322
39,2,43.09,2,98.123
24,1,28.5,1,91.959
16,0,32.57,0,91.243
33,2,31.58,4,94.208
12,2,23.94,1,91.263
34,2,34.76,3,96.183
7,1,38.58,0,90.533
11,1,42.92,2,90.558
13,0,41.27,0,90.377
31,1,32.75,0,97.572
2,1,37.98,0,90.681
7,0,40.02,0,89.844
15,2,32.34,3,91.814
11,2,22.89,2,91.391
2,0,30.95,0,89.79
39,2,41.06,3,100.1
4,1,34.92,1,90.55
11,0,38.11,0,90.168
2,0,24.63,3,89.814
16,0,44.11,4,91.472
39,2,30.1,1,95.434
13,0,36.34,2,90.152
5,0,20.47,0,89.759
17,0,23.18,0,91.688
21,2,39.55,3,92.747
19,1,44.2,2,91.379
7,0,28.0,4,89.733
8,1,20.93,1,90.332
13,2,29.02,2,91.51
37,2,20.44,0,95.399
2,2,24.81,3,91.902
41,2,38.81,4,99.418
11,1,43.43,3,90.739
24,0,22.19,1,95.857
6,2,33.95,2,91.707
26,2,26.35,3,92.808
7,1,23.48,3,90.472
19,1,25.47,0,91.042
6,2,34.44,3,91.767
11,0,21.63,4,89.882
11,0,30.86,2,89.776
39,2,23.38,1,94.383
2,1,26.82,3,90.657
19,2,24.77,4,91.474
4,2,42.07,1,91.685
6,1,37.7,4,90.54
37,2,41.71,3,98.907
28,2,29.59,3,93.208
30,2,27.84,2,92.072
7,1,29.51,0,90.402
9,0,20.46,4,89.715
25,0,38.12,0,98.67
33,1,28.74,0,98.686
1,0,27.83,1,89.874
6,2,34.95,1,91.61
18,0,30.91,4,92.508
10,2,44.52,0,91.793
11,0,28.91,2,89.873
33,1,35.35,0,99.41
1,0,27.79,1,89.998
13,0,44.76,0,90.389
5,0,31.13,3,89.816
20,1,35.85,3,91.899
1,0,23.17,2,89.849
3,1,38.33,4,90.61
18,2,26.73,0,91.782
9,0,31.22,3,89.825
14,1,42.08,4,90.852
31,1,44.26,3,99.235
27,0,30.61,4,99.487
17,2,40.87,4,91.949
29,1,21.33,3,95.798
4,0,41.19,1,89.822
37,2,35.74,4,96.662
26,1,32.22,0,94.133
17,1,42.25,3,91.564
22,2,41.13,1,92.08
25,2,27.42,3,92.695
2,0,39.79,2,89.822
23,0,22.49,0,96.009
22,1,40.57,2,91.782
5,2,36.89,4,91.757
4,2,22.2,4,91.691
36,2,37.08,2,95.739
6,1,34.51,2,90.435
21,2,34.86,4,92.116
13,2,27.27,1,91.233
37,1,26.66,0,101.247
23,0,39.06,3,97.187
25,0,26.42,2,97.368
26,1,31.16,0,94.21
39,2,37.37,3,99.581
20,1,21.99,3,91.232
1,0,34.86,2,89.897
14,0,34.73,1,90.183
36,1,37.11,1,99.895
17,1,29.25,0,90.97
21,0,31.22,0,94.936
16,1,28.25,4,90.638
14,0,40.2,1,90.244
16,1,23.27,0,90.763
20,1,44.07,4,91.743
29,1,35.87,3,97.067
8,0,42.17,0,89.858
24,1,30.66,4,92.553
3,0,28.31,1,89.788
25,0,42.52,3,99.167
19,1,22.47,0,91.001
33,1,22.93,1,96.332
2,0,27.48,3,89.812
15,0,43.99,2,90.667
22,2,35.83,1,91.653
10,0,33.85,2,89.814
18,2,37.63,0,92.073
22,2,30.44,4,92.022
46,2,38.95,0,103.461
27,1,29.83,1,93.591
13,1,40.66,2,90.667
1,0,26.68,2,89.863
5,2,26.94,3,91.667
26,1,33.06,0,94.357
13,1,30.77,0,90.514
27,1,36.2,1,94.054
14,1,29.11,2,90.469
24,1,25.76,1,91.865
3,2,31.75,1,91.806
47,2,34.02,2,100.854
30,2,23.57,1,91.266
35,2,33.92,2,94.861
16,0,27.98,1,90.781
14,2,29.81,4,91.569
12,1,26.98,1,90.422
28,2,43.29,1,92.74
12,0,37.08,4,90.135
29,1,26.56,0,95.749
43,2,36.13,2,99.187
17,2,41.21,3,92.23
40,2,30.04,4,97.388
21,1,40.75,0,91.954
23,1,23.86,1,91.235
20,0,40.57,0,94.447
11,1,33.51,4,90.545
34,1,25.57,1,97.314
10,2,30.18,0,91.698
10,1,44.7,3,90.682
43,2,39.59,2,99.763
6,2,34.38,2,91.64
36,1,22.88,4,99.41
24,0,30.45,1,96.439
12,0,26.58,1,89.817
23,1,21.78,2,91.394
27,0,33.56,0,100.122
45,2,42.23,1,100.431
37,2,36.89,3,98.2
6,1,26.24,3,90.532
1,0,34.34,1,89.92
6,0,43.58,1,89.718
22,2,38.07,2,91.99
24,1,37.24,4,93.073
25,0,44.2,2,98.331
15,1,39.97,4,90.934
26,0,23.42,3,98.838
8,2,28.69,4,91.522
24,2,44.13,2,92.668
6,1,32.24,1,90.435
35,2,22.79,4,94.106
10,0,31.47,2,89.912
1,2,37.42,3,92.022
36,1,44.94,4,102.212
12,1,28.1,3,90.563
11,1,32.85,3,90.702
12,0,41.99,0,90.201
10,0,28.88,4,89.863
18,0,22.73,2,92.043
7,0,43.72,4,89.788
7,0,32.21,4,89.789
11,2,32.57,3,91.656
4,0,35.53,3,89.73
20,0,20.09,3,93.941
31,2,43.28,3,95.51
1,0,29.04,2,90.032
13,1,29.92,1,90.317
18,0,24.35,0,92.412
9,0,29.45,3,89.813
24,1,40.1,3,93.808
9,1,40.0,0,90.56
31,1,43.39,3,99.188
10,1,30.08,1,90.331
2,0,37.72,4,89.872
15,1,32.68,0,90.851
3,1,40.1,2,90.591
43,2,37.81,0,101.272
31,1,29.2,1,95.925
6,1,28.42,2,90.371
3,2,26.31,4,91.782
11,2,34.41,3,91.807
15,0,44.1,0,90.906
45,2,25.0,2,97.921
20,0,22.38,0,93.756
28,2,22.99,4,91.98
10,2,39.58,0,91.728
6,0,28.75,2,89.743
47,2,25.61,1,97.822
25,0,28.82,2,97.492
7,2,36.13,0,91.621
15,1,33.67,4,90.837
18,2,38.59,3,92.216
18,0,28.48,3,92.673
41,2,31.3,4,98.208
24,0,22.55,0,96.944
2,0,21.83,4,89.836
20,1,31.56,0,91.446
34,1,27.54,2,98.035
11,0,35.32,1,89.893
26,2,21.08,0,92.046
7,0,23.04,3,89.717
6,0,41.63,3,89.687
30,2,34.16,1,92.197
42,2,37.8,0,100.594
5,2,41.05,1,91.728
11,2,31.6,2,91.521
1,0,39.03,1,89.903
2,0,33.11,2,89.821
1,1,25.57,3,90.814
19,0,28.44,2,92.989
2,2,32.26,0,91.867
21,1,27.92,0,91.437
20,2,28.39,0,92.0
23,0,28.43,0,96.384
21,1,23.07,4,90.998
24,2,22.12,2,91.324
4,1,21.16,0,90.555
12,1,22.77,1,90.312
22,0,28.59,1,94.894
20,2,34.85,4,92.027
18,1,24.7,2,90.613
1,1,42.2,2,90.689
30,2,40.21,2,93.226
33,1,33.01,4,98.544
24,1,38.11,2,92.737
14,1,29.16,2,90.502
36,2,20.92,0,94.962
5,2,42.61,2,91.687
11,2,23.19,0,91.601
24,2,43.7,0,93.11
23,0,34.3,2,96.118
13,1,27.64,1,90.322
16,2,32.39,3,91.974
24,1,32.54,1,92.189
13,1,20.58,2,90.272
24,0,28.89,2,96.55
26,2,38.5,1,92.125
2,2,32.75,2,91.765
16,1,26.11,0,90.84
38,2,28.38,4,96.127
1,1,41.58,2,90.75
11,1,33.14,2,90.48
19,0,33.21,1,92.983
3,0,44.04,0,89.758
11,0,28.02,1,89.804
29,1,31.99,1,94.948
37,2,40.29,2,96.662
17,0,38.97,0,92.159
39,2,26.64,2,95.675
10,0,23.78,2,89.774
11,0,37.52,2,89.959
3,1,26.44,2,90.549
20,0,43.07,4,94.394
10,0,23.23,3,89.884
14,1,27.96,0,90.687
12,2,21.37,4,91.415
15,0,37.58,3,90.744
30,1,42.28,3,98.24
10,0,35.9,3,89.983
32,1,43.44,4,98.929
26,2,23.21,0,92.292
1,2,22.19,1,91.943
2,1,40.96,3,90.713
17,1,41.39,1,90.865
30,1,40.78,1,96.321
39,2,39.97,2,97.721
7,0,29.06,1,89.584
27,2,25.44,2,91.683
9,1,43.22,0,90.614
22,1,27.68,0,91.608
34,2,29.96,2,93.915
1,1,37.49,0,90.691
9,2,27.33,3,91.639
20,1,40.48,0,91.741
21,0,21.75,2,94.07
19,0,39.78,3,93.919
36,1,35.05,1,99.628
40,2,34.32,1,96.414
13,0,31.46,1,89.967
4,2,26.93,2,91.717
9,1,31.6,1,90.314
41,2,31.25,0,98.956
22,0,34.59,1,95.161
18,2,27.04,4,91.658
12,2,21.94,4,91.42
9,1,23.63,1,90.308
6,1,37.48,1,90.421
19,1,20.56,4,90.711
16,0,41.41,1,91.147
15,0,37.36,3,90.791
7,1,39.2,4,90.526
16,1,40.9,2,90.917
5,0,23.07,4,89.638
16,0,40.56,0,91.44
1,0,32.62,3,90.031
19,0,42.14,2,93.421
37,1,42.16,1,101.215
7,0,20.6,0,89.638
19,1,29.57,0,91.205
37,2,33.16,3,97.688
17,2,36.96,2,91.653
26,0,27.15,0,98.865
22,2,26.3,2,91.546
8,2,29.53,2,91.539
33,2,32.52,0,94.861
2,0,43.78,2,89.829
15,0,39.05,3,90.93
20,2,30.73,0,91.986
18,1,21.36,3,90.927
43,2,24.21,3,99.744
25,0,31.4,2,97.638
10,0,40.35,2,89.976
24,0,29.52,0,97.239
4,2,33.46,1,91.708
37,1,42.3,0,103.468
4,0,42.84,3,89.802
13,0,25.39,2,89.97
25,2,21.09,3,92.281
13,1,27.64,4,90.498
18,2,37.4,4,91.949
27,0,43.78,3,101.244
24,1,21.93,1,91.609
2,1,20.71,1,90.585
16,0,42.1,0,91.532
33,1,38.7,0,99.653
19,1,44.81,0,91.884
9,2,29.92,2,91.501
3,0,30.4,1,89.685
25,0,24.31,3,98.221
7,0,22.9,4,89.656
10,0,34.47,1,89.799
1,0,29.11,1,89.823
21,1,22.01,1,90.539
9,2,42.17,0,91.786
15,0,24.96,2,90.222
15,2,38.71,3,91.924
35,2,27.06,0,95.201
5,1,40.32,2,90.547
9,0,22.96,1,89.682
22,1,38.9,2,91.647
9,0,22.45,0,89.788
23,1,31.17,1,91.513
7,2,38.35,0,91.612
24,0,24.33,3,97.121
23,2,27.14,1,91.378
44,2,41.62,2,100.732
25,1,42.13,0,94.258
27,0,21.12,4,98.696
41,2,24.2,2,96.086
6,1,22.94,2,90.442
23,0,24.49,1,95.272
2,0,44.25,2,89.84
9,2,33.79,0,91.631
17,0,31.7,4,91.782
33,2,44.61,3,96.817
19,0,33.92,4,93.364
6,1,36.53,0,90.665
37,2,28.32,1,94.272
31,2,29.55,0,93.642
2,0,34.86,2,89.909
9,0,21.74,1,89.606
29,2,26.4,3,93.246
26,0,24.92,3,98.997
14,1,20.4,0,90.44
4,0,33.42,2,89.669
36,1,34.03,3,102.077
15,1,29.6,4,90.674
8,1,26.72,1,90.409
26,1,36.3,4,94.199
36,1,23.37,3,100.784
16,0,32.97,3,91.413
21,1,39.2,0,91.962
4,0,24.11,0,89.72
16,1,38.83,1,90.787
22,2,39.02,0,92.619
12,1,21.5,2,90.281
16,2,20.47,1,91.133
37,1,44.35,2,102.256
29,1,24.83,0,95.576
18,1,40.55,1,91.039
10,2,34.05,3,91.682
42,2,26.61,4,97.923
18,1,23.25,3,91.104
1,0,32.42,2,89.87
21,1,30.18,3,91.743
1,2,37.47,3,91.863
15,1,42.6,4,91.001
4,2,40.13,4,91.709
20,2,26.86,3,91.961
10,2,41.97,4,91.587
23,1,40.83,3,93.086
41,2,43.23,1,98.463
34,2,31.47,3,95.847
33,1,39.21,0,99.815
34,2,34.79,4,95.035
10,1,27.76,4,90.411
20,2,44.86,2,92.282
1,0,20.96,2,89.89
13,0,24.06,0,90.132
1,2,42.31,4,91.892
5,0,21.51,4,89.68
16,1,42.17,2,90.975
15,0,37.88,2,90.51
28,2,20.92,3,92.582
31,2,30.73,4,93.241
23,1,38.86,4,92.515
45,2,34.58,3,102.903
17,1,43.4,4,91.236
17,0,41.69,0,92.255
2,0,28.32,2,89.881
13,1,22.12,2,90.296
14,1,43.61,2,90.778
11,2,32.93,1,91.408
10,0,21.86,0,89.796
32,1,40.41,0,99.18
3,0,41.71,3,89.769
31,1,35.99,1,96.505
17,0,31.19,4,91.729
47,2,36.55,0,103.596
9,0,37.67,1,89.692
10,0,42.33,1,89.887
8,0,43.9,0,89.883
21,0,32.86,3,95.232
13,0,39.96,1,90.156
5,2,44.11,2,91.727
6,1,23.78,1,90.323
17,0,20.46,4,91.441
11,2,41.72,0,91.634
20,0,24.88,4,93.672
16,0,21.06,3,91.06
9,1,24.0,2,90.344
2,0,29.6,0,89.959
37,2,25.48,1,93.983
1,2,27.63,2,91.999
4,1,44.38,1,90.576
4,0,37.61,3,89.759
25,2,37.8,0,92.987
3,0,22.37,3,89.822
9,0,38.3,3,89.949
22,0,38.48,3,96.294
23,1,36.49,3,92.983
12,0,25.71,1,89.84
10,2,30.58,4,91.485
2,0,41.16,1,89.825
43,2,36.76,2,99.259
10,0,38.32,3,90.013
30,2,34.68,2,92.702
22,2,31.24,1,91.489
6,0,38.98,3,89.685
18,0,21.7,1,91.763
2,2,36.83,3,91.828
30,1,44.93,1,96.674
2,0,39.5,0,89.773
32,1,27.26,4,97.221
10,0,26.95,4,89.807
16,0,36.68,3,91.555
12,0,42.4,0,90.323
1,0,34.45,2,89.958
8,1,33.19,0,90.434
16,0,24.01,3,91.168
13,2,37.89,0,91.831
15,2,37.56,2,91.557
8,1,44.17,3,90.564
10,0,27.5,4,89.836
46,2,38.91,0,103.384
5,1,30.85,4,90.511
18,0,33.96,4,92.66
19,2,40.41,1,91.82
47,2,25.55,2,98.975
11,1,28.57,0,90.559
21,0,39.33,4,94.974
11,0,34.26,4,89.994
20,2,22.31,2,91.277
20,2,30.75,4,91.823
21,2,34.67,4,92.074
18,0,42.74,4,92.886
10,1,24.71,4,90.325
34,1,40.15,1,98.866
26,0,23.27,1,97.502
30,1,26.06,3,96.706
9,2,26.08,0,91.579
31,1,41.94,2,97.604
4,1,24.98,3,90.606
6,1,39.67,1,90.462
14,2,31.55,1,91.495
4,0,44.98,1,89.742
26,2,40.98,3,93.641
15,0,38.49,1,90.376
16,0,41.77,3,91.623
7,0,35.85,1,89.722
17,1,41.09,4,91.194
19,1,26.53,4,90.96
19,0,22.44,0,93.125
17,0,35.4,1,91.602
6,1,30.87,0,90.506
29,2,30.66,3,93.534
11,0,33.17,0,90.033
16,2,29.03,1,91.332
30,1,35.65,3,97.595
25,0,20.76,3,97.848
40,2,44.25,4,99.67
11,2,43.12,3,91.787
7,2,43.38,3,91.658
26,1,29.13,0,94.029
22,1,33.3,3,92.102
25,2,43.85,2,92.674
19,2,42.56,4,92.13
31,1,39.76,4,97.728
26,2,30.18,3,92.989
42,2,34.11,0,100.07
36,1,39.82,4,101.562
23,2,26.83,4,91.823
47,2,35.66,2,101.148
13,2,40.7,3,91.791
25,1,37.69,4,93.666
2,2,31.99,4,91.886
2,1,34.62,4,90.602
16,1,44.72,4,91.198
9,0,35.05,0,89.835
13,0,39.64,1,90.185
35,2,38.17,2,95.336
13,1,37.54,0,90.638
21,0,37.91,2,94.808
32,2,31.36,4,93.717
22,0,31.85,2,95.185
2,0,31.7,3,89.863
8,1,20.83,3,90.393
2,1,26.03,1,90.566
6,0,23.86,1,89.713
22,0,42.16,2,95.75
28,1,26.87,0,95.067
37,2,23.46,0,95.698
1,1,22.99,4,90.821
9,0,37.5,0,89.895
